position,title,artists,album,duration,duration_seconds,videoId,likeStatus,inLibrary
1,Reach For The Dead,Boards of Canada,Tomorrow's Harvest,4:48,288,f2ToXTd14dg,INDIFFERENT,False
2,Private Universe,Jon Hopkins,Opalescent,5:41,341,YQOCu-mnwpQ,INDIFFERENT,False
3,Red Elevation,Hello Meteor,An Unfamiliar Place,4:51,291,Sn6ERMVzMXY,INDIFFERENT,False
4,Airglow,Stellardrone,Light Years,5:17,317,k4jwwbgJFJU,INDIFFERENT,False
5,Alone in Kyoto,IOTO,Alone in Kyoto,3:12,192,bZj26AtpGaY,INDIFFERENT,False
6,Celestial Ghost,State Azure,Selected Modular Works II,6:21,381,vHGBnUnaN7E,INDIFFERENT,False
7,After Midnight,Skinshape,Filoxiny,4:44,284,uhZo2iYSV-w,INDIFFERENT,False
8,Petrichor,E-Mantra,Drifting,7:13,433,44CfnaBd5QU,INDIFFERENT,False
9,Amplitude,Jasper De Ceuster,Memory Bank,4:31,271,pjBXthCIS8c,INDIFFERENT,False
10,Dark Star,All India Radio,The Slow Light,4:59,299,dHnPx4bUADk,INDIFFERENT,False
11,Let Your Body Fly,MAISON ROYALE,Let Your Body Fly,3:25,205,dUbnvxB7WtA,INDIFFERENT,False
12,Next Waiting (Origin 2006) (2022 Remaster),Solar Fields,Origin # 01 (2022 Remaster),7:40,460,oVuOsMz8tz0,INDIFFERENT,False
13,Silent Echoes,Madis,Reflecte,3:50,230,ahOrot3IWt8,INDIFFERENT,False
14,Magnus,Plesiada,Joy World,6:36,396,kaP1OtPJXAs,INDIFFERENT,False
15,Pastoral,Northcape,Captured from Static,3:09,189,zUZqHX142WY,INDIFFERENT,False
16,Darkside Lovers,"Dense, Mystic Crock",Lost Particles,8:12,492,fDTbqW1F324,INDIFFERENT,False
17,Khepre,Islandman,Heimlich III,6:32,392,JyKcDPOovSo,INDIFFERENT,False
18,Babe,Evenings,North Dorm,2:53,173,L7h_w9wy5I4,INDIFFERENT,False
19,Phoenix,Tycho,Past Is Prologue,1:27,87,VzhD8SYMt8w,INDIFFERENT,False
20,Mosaic,Voyage,Mosaic,5:07,307,2ywVDl38kXU,INDIFFERENT,False
21,Nimbus,Oscuro Chill,Nimbus,3:13,193,cCe6vBiVtS0,INDIFFERENT,False
22,Third,Hiatus,Third EP,4:47,287,yygOWiW2f44,INDIFFERENT,False
23,Oleander (Phutureprimitive Symbiotic Remix),Bluetech,Digital Singles Vol.1,7:36,456,JnKhDj3r81A,INDIFFERENT,False
24,horizons,".diedlonely, théos",horizons,3:03,183,e5UkXm0_F00,INDIFFERENT,False
25,Vision (Revisited),Carbon Based Lifeforms,Alt:02,3:29,209,v-3pVOIVGeQ,INDIFFERENT,False
26,Deserve to be,Sunbyonic,Marionette Play Vol. 4,6:32,392,tPFb5rXQFDo,INDIFFERENT,False
27,Black Lights,Baba Gnohm,Black Lights,6:25,385,PuATU-wFvCY,INDIFFERENT,False
28,cavatappi,Casein,cavatappi,2:51,171,GHlgCjLU7n0,INDIFFERENT,False
29,Wide Spectrum,Dreaming Cooper,"Spacechillers, Vol. 2",9:05,545,9xcXCQX_PBc,INDIFFERENT,False
30,peace of mind,Vibrasphere,Namaskar,7:57,477,qRHOu2vTvpQ,INDIFFERENT,False
31,Temporal,Aukai,Temporal,3:05,185,dUzXCkhorog,INDIFFERENT,False
32,Ever Present,Man of No Ego,"AUM, Vol. I",6:02,362,7uSiGmbTmhY,INDIFFERENT,False
33,Miss You,Trentemøller,The Last Resort,4:08,248,PO9bcVTbRcg,INDIFFERENT,False
34,Dharma,StereOMantra,Projections,7:11,431,vnPKioVgvMg,INDIFFERENT,False
35,Tonschraube,Boozoo Bajou,Grains,5:47,347,5aqOAJuyUFY,INDIFFERENT,False
36,The Salt On Her Cheeks,Yagya,The Inescapable Decay of My Heart,6:57,417,nQQKo6Fvhw8,INDIFFERENT,False
37,Taum,Recondite,Taum,6:33,393,ueYZhNhdSgI,INDIFFERENT,False
38,Nocturne,StarLink,Elevation,4:11,251,1jQjV3iiYyA,INDIFFERENT,False
39,Dance with Me My Shadow (Forgotten),Oleg Byonic,"Forsaken, Forbidden, Forgotten",6:03,363,u_OY4AiuXQ0,INDIFFERENT,False
40,Them Is Us,Rival Consoles,Them Is Us,5:47,347,E8BPpzqCXtg,INDIFFERENT,False
41,Thy Veils - Song of Jiddu,Thy Veils,,6:00,360,rzLTihYOqQY,INDIFFERENT,False
42,Gentle Flow,Anders Isberg,A Tranquil Life,4:20,260,TTlgWXFFauQ,INDIFFERENT,False
43,Dune,"Ambyion, Fyze",Dune,3:32,212,3naSaRzLIPY,INDIFFERENT,False
44,Sweetness (feat. Irina Mikhailova),Suduaya,Unity,12:46,766,XC6nLLZSk4I,INDIFFERENT,False
45,Hurricane,Mitch Murder,Hurricane,7:02,422,2D20YKG1KHU,INDIFFERENT,False
46,Back to the Roots,Lab's Cloud,Imminent Awakening,8:48,528,TMSMEbkotW8,INDIFFERENT,False
47,The Mist,Phaeleh,Lost Time,6:34,394,xwwemve2EeI,INDIFFERENT,False
48,Boy,Instupendo,Boy,3:59,239,_hN8X3l59P4,INDIFFERENT,False
49,Calling aventura king,Kid Loco,A Grand Love Story,6:33,393,meoL6odvZHM,INDIFFERENT,False
50,Boris Is Massive,Dotlights,Boris Is Massive,3:00,180,eWSfK5133Yw,INDIFFERENT,False
51,Nacht Und Nebel,AK,Raindrops,2:53,173,rnjTnx3iAx0,INDIFFERENT,False
52,Rise of the Serpent Spirit,Spirit Of The Village,Rise of the Serpent Spirit,3:32,212,Ja6gtSH1NC4,INDIFFERENT,False
53,Falling Drops,Zero Cult,Clouds Garden,5:45,345,kY68YQvjwng,INDIFFERENT,False
54,Shining Colorful Dancing Trees,Richard Houghten,Quantum Flow,2:41,161,Fd6puwXlx-U,INDIFFERENT,False
55,Autumn Leaves,Celestial Alignment,Autumn Leaves,2:56,176,Gt5zM5lqcmg,INDIFFERENT,False
56,Love On A Real Train (From 'Risky Business' Original Motion Picture Soundtrack),Tangerine Dream,Hyperborea (Deluxe Version / Remastered 2020),4:00,240,sBhB9gAM1J4,INDIFFERENT,False
57,Equinox,admo,Stratford Ct. | Sonus Auri,2:43,163,zcz6X_bHfhY,INDIFFERENT,False
58,Infinite Motion,Minddigger,"The Chill Stompers, II",8:33,513,tTJ62RIC4Js,INDIFFERENT,False
59,Xtal,Aphex Twin,Selected Ambient Works 85-92,4:54,294,sWcLccMuCA8,INDIFFERENT,False
60,Voyager (Suduaya Remix),Cabeiri,Unity,7:54,474,2z3BL-vnK1o,INDIFFERENT,False
61,Rapture At Sea,Eastern Sun,In Emptiness,7:36,456,il3TZagrnyw,INDIFFERENT,False
62,Perfect Day,"R.I.B., Seven24, Soty",Leaving Earth,4:46,286,OBDJlh-J710,INDIFFERENT,False
63,Pulse Of Awakening,Dreamstate Logic,,9:57,597,bS1o8o4qaHg,INDIFFERENT,False
64,Aria Math,C418,Minecraft - Volume Beta,5:10,310,maWHojZTnTg,INDIFFERENT,False
65,External Intention Original Mix,Neuroq,Catharsis,11:18,678,uU8LNvXxx-s,INDIFFERENT,False
66,A Lifetime,Sigesmundsen,The Long Road Ahead,4:34,274,ItYbky3ji2E,INDIFFERENT,False
67,Lost,vibessmusic,Lost,3:01,181,WVRCq7rP0XM,INDIFFERENT,False
68,Let You Go,Jordy Medina,Let You Go,3:53,233,hqG3scCzEY8,INDIFFERENT,False
69,Igniting The Sacred (Desert Dwellers Remix),"Liquid Bloom, Poranguí",Igniting The Sacred (Desert Dwellers Remix),8:06,486,GRgi1IcoJiY,INDIFFERENT,False
70,Hope,Scann-Tec,"Cosmik Chill ""Orange""",8:33,513,PpRwkceHlvk,INDIFFERENT,False
71,Before Life,Indian Wells,Before Life,5:30,330,CwBt91iBmm0,INDIFFERENT,False
72,AlienHand - Catarina [SpaceAmbient Channel],SpaceAmbient,,6:52,412,uc_aci4zSKc,INDIFFERENT,False
73,"M4, Pt. 1",Faunts,M4,9:18,558,y_qBHhxWGas,INDIFFERENT,False
74,Just Another Dusty Love Song,Stefan Benecke,Just Another Dusty Love Song,4:53,293,ZsvIr0A_EiM,INDIFFERENT,False
75,The End Or The Beginning (2019 Extended Intro Mix),The Ambientalist,"A Longer Story, Pt. 2",6:12,372,kyXuGDnHEYY,INDIFFERENT,False
76,Pensamiento #2,Sago Beats,Pensamiento #2,3:14,194,DZkrLGfrrgw,INDIFFERENT,False
77,Niku-jaga,The Sushi Club,Sushidelic,8:30,510,UYrBrntUMAU,INDIFFERENT,False
78,Ethereal,Amethystium,Odonata,4:21,261,E2rhyBeJXUQ,INDIFFERENT,False
79,Soul Dreamer,"Spectrum Vision, Unusual Cosmic Process",Soul Dreamer,6:13,373,07TRyhaqMZg,INDIFFERENT,False
80,Slow,憂鬱,Slow,5:34,334,3u7g0QC5uso,INDIFFERENT,False
81,Solar Harmonics,Eguana,"Destiny, Vol. 3",5:42,342,DSTmVE4IF-8,INDIFFERENT,False
82,Noctuary,Bonobo,Dial 'M' for Monkey,5:23,323,rg3jtPLj66k,INDIFFERENT,False
83,F,Flica,Songs of Twilight,4:21,261,SIAifhmZrHs,INDIFFERENT,False
84,Spiral,Big Mister Doom,Fielden Avenue EP,6:07,367,czPZTG2amrQ,INDIFFERENT,False
85,Falling Apart,"Andy Leech, Michael FK",Falling Apart,5:32,332,VXcrEWsVhwM,INDIFFERENT,False
86,Always Her,Joey Fehrenbach,A Subtle Effect,9:00,540,E-GrkGuC-Nc,INDIFFERENT,False
87,The Morning Room,Helios,Unleft,4:50,290,GrNXVNqTI4Y,INDIFFERENT,False
88,The Windward Corridor,Athena IV,The Windward Corridor,6:52,412,3PWEP4_YkCU,INDIFFERENT,False
89,Vandringen Original Mix,Lauge,Tupilak - Compiled By: Descroix,11:33,693,D3jZATiXtGU,INDIFFERENT,False
90,Osiris - Pt. 1,Klaus Schulze,Deus Arrakis,6:25,385,Yo5VEAPPHE8,INDIFFERENT,False
91,Dolphin And Eos,Koan,When The Silence Is Speaking,4:12,252,KO13m59nCYY,INDIFFERENT,False
92,Digitone II - Visions of Tomorrow [Ambient Downtempo],Stefan Torto,,6:42,402,uzX-etMxR0A,INDIFFERENT,False
93,Proxy,Captain Panic! & Systek,The Monolith,8:52,532,gvDp7SNiDsg,INDIFFERENT,False
94,Caribbean Blue (Orchestral Version),Mathias Fritsche,Caribbean Blue (Orchestral Version),4:01,241,6cYSrJNIJjc,INDIFFERENT,False
95,Night Walk,Uppermost,Night Walk,4:48,288,zOWphZMD8OE,INDIFFERENT,False
96,Autumn Walk,Lukas Termena,Autumn Walk,4:22,262,_ZawyNwLybc,INDIFFERENT,False
97,Waters of Life,Mystical Sun,Deeperworlds,4:19,259,94F82d5gONs,INDIFFERENT,False
98,Her Gaze,Rok Nardin,Blood Moon,3:52,232,j9HiK6pJtTo,INDIFFERENT,False
99,Liminal,Grandbrothers,Elsewhere,4:45,285,5wx18YXVwHQ,INDIFFERENT,False
100,Moontide Theory (Hugo Kant remix),Hugo Kant,,7:07,427,ZFI7xoIHt-Q,INDIFFERENT,False
101,Sick Times,Boards of Canada,Tomorrow's Harvest,4:17,257,wLCT71D9PhY,INDIFFERENT,False
102,Inner Peace,Jon Hopkins,Opalescent,4:54,294,YhQCTm-eOeY,INDIFFERENT,False
103,Flim,Aphex Twin,Come To Daddy,2:58,178,-yNHlKAzyVA,INDIFFERENT,False
104,Send And Receive (Chachi Jones Remix),Tycho,Past Is Prologue,5:58,358,K5nV0sk6GvQ,INDIFFERENT,False
105,Trust in Life,Man of No Ego,"AUM, Vol. 2",6:19,379,25bAGFTqxM0,INDIFFERENT,False
106,Introduction,Solar Fields,Mirror's Edge (Original Videogame Score),5:35,335,PWXao2AVDF8,INDIFFERENT,False
107,Dialogue in Silence,E-Mantra,Silence 3,6:16,376,sdAhVlLDjkw,INDIFFERENT,False
108,Says,Nils Frahm,Spaces,8:18,498,luXZuPTJ3f8,INDIFFERENT,False
109,Frog,Carbon Based Lifeforms,Interloper,7:25,445,gzhDuJTeiN8,INDIFFERENT,False
110,Northern Lights,Stellardrone,Between the Rings,5:06,306,4I3XjFBTmqY,INDIFFERENT,False
111,Phantoms,State Azure,Phantoms,4:43,283,w7YPfYFWDOI,INDIFFERENT,False
112,Engage,"Hypixi !!!, Jasper De Ceuster",Engage,3:52,232,NSZMfurDpno,INDIFFERENT,False
113,The Intangible & Dreamstate Logic - Deep Recon (We Are Not Alone) [ space ambient ],Dreamstate Logic,,9:51,591,mvTrljvNX9E,INDIFFERENT,False
114,Structures,"Baba Gnohm, Lauge",Monolith (2010 remaster),8:43,523,Wln3CKKXwBQ,INDIFFERENT,False
115,Mirror Reflection of the Broad Expanse of Heaven,Oleg Byonic,Branches of Reminiscence,9:17,557,izP3lXZikNU,INDIFFERENT,False
116,Preface,Sundial Aeon,Analysis,4:15,255,JRrpoqVxM-c,INDIFFERENT,False
117,Snow & Stars,Suduaya,Come Back To Life,8:35,515,5djz4evWmnk,INDIFFERENT,False
118,Concept 11,Kodomo,Concept 11,5:35,335,59PuJ_wmDwc,INDIFFERENT,False
119,Forest Fuel,Vibrasphere,Downbeats,7:28,448,BAJgM5zwKVA,INDIFFERENT,False
120,Mirrors Go Into Themselves,Sunbyonic,"Marionette Play, Vol. 7",8:33,513,uCUuc8cTY3k,INDIFFERENT,False
121,Grandfather,Joey Fehrenbach,Don't Wake Me,8:32,512,SeYj88fZz24,INDIFFERENT,False
122,憂鬱 & DreamStation1986 - Pylon,Electronic Gems,,5:18,318,WtF6Z13HD_w,INDIFFERENT,False
123,Introverted (Remix 2019),Mystic Crock,Past And Future,8:11,491,pKMzzb5tscU,INDIFFERENT,False
124,Fibonacci Progression,Lab's Cloud,Organic Mathematics,7:50,470,CYu_wHQE9Kc,INDIFFERENT,False
125,Space Probe,Siebzehn,Time Equals Eternity,8:26,506,Jbicglm2rUQ,INDIFFERENT,False
126,Northern Lights,Koresma,Northern Lights,4:06,246,DqXwPuzfXP4,INDIFFERENT,False
127,Mein Freund aus Köln,Sankt Otten,Morgen Wieder Lustig,6:33,393,3AshZKEmNec,INDIFFERENT,False
128,Auto Pilot (Deru Remix),"Deru, Lusine",Podgelism,6:10,370,VtKu_Gj2DzU,INDIFFERENT,False
129,Chapters,Josh Leake,Clara,5:21,321,5eebCGux8aw,INDIFFERENT,False
130,Whispering Colors,Lars Leonhard,Stella Nova,9:11,551,sbm13vdVeho,INDIFFERENT,False
131,Virgin Delight,Asura,360,9:40,580,6yXxi7-Lx8s,INDIFFERENT,False
132,Come Back,Timecop1983,"Lovers, Pt. 1",5:48,348,USLKFIVjVq0,INDIFFERENT,False
133,Summer Of Life,StereOMantra,C,7:56,476,SOhe-Fm3Scg,INDIFFERENT,False
134,Only Time,Enya,A Day Without Rain,3:39,219,YArQ641o8V8,INDIFFERENT,False
135,So Flows the Current,Patrick O'Hearn,So Flows The Current,6:12,372,ZTaeLbKtjDo,INDIFFERENT,False
136,Routine,Skee Mask,Iss002,5:45,345,uHZJu9GAP-Q,INDIFFERENT,False
137,Concentric Circles,Tripswitch,Geometry,9:00,540,2zZGRmk7aXU,INDIFFERENT,False
138,Sahoti (feat. Lehna),Tetouze,Sahoti,4:40,280,F5ItnyYOHt4,INDIFFERENT,False
139,Misty Mountain,Argus,The Architect of Time,7:10,430,Gen5QbQMnSY,INDIFFERENT,False
140,Place Called Home,Madis,Elements of Life,9:18,558,51ObP5neGlw,INDIFFERENT,False
141,Diffuse Light And Its Properties,Hello Meteor,Species of Special Concern,4:08,248,aMBq9aDrSWU,INDIFFERENT,False
142,Echo,Beauvois,Echo,5:10,310,b824wDU40a0,INDIFFERENT,False
143,Eve of Morning,Zero Cult,Where Rivers Have No Name,7:45,465,JmIKZ_YlajA,INDIFFERENT,False
144,Universalis (Suduaya Remix),Astronaut Ape,Venus,8:41,521,z9lou9fXHcs,INDIFFERENT,False
145,Matter,Ascendant,Æthereal Code,8:00,480,AYZCpGT34BU,INDIFFERENT,False
146,Gone Forever,Ulrich Schnauss,A Strangely Isolated Place,8:13,493,65KoA59Cki4,INDIFFERENT,False
147,Cloudline,"Alex Nickmann, Aukai",Cloudline,3:41,221,I3TVZe_7reo,INDIFFERENT,False
148,"unknown realms ... Elektron Digitone II ... psybient, chillstep",Substan,,9:51,591,3WKlOc-sG1k,INDIFFERENT,False
149,Arcturus,The Ambientalist,Arcturus,5:17,317,HDDRyZEMtac,INDIFFERENT,False
150,A Dusty Place in the Head,Warmth,Dopamine,11:25,685,zrVUJWKbSb4,INDIFFERENT,False
151,Underwater Moonlight,Koan,When The Silence Is Speaking,8:00,480,YMFyRfMu_e4,INDIFFERENT,False
152,Echo (The Field Remix),Menke,Echo (The Field Remix),7:00,420,7uPjErpNXGU,INDIFFERENT,False
153,God's Channel,Astropilot,Solar Walk,9:22,562,eLyDNC1u--0,INDIFFERENT,False
154,Cold Earth,Boards of Canada,Tomorrow's Harvest,3:43,223,VQAD1DkpGoc,INDIFFERENT,False
155,Zero-G,Dreaming Cooper,Mysterious Places,8:06,486,anZJzfRZtJ4,INDIFFERENT,False
156,Silence,E-Mantra,Silence,5:45,345,6rTcdOeedSg,INDIFFERENT,False
157,Sleepwalker,Jon Hopkins,Contact Note,4:35,275,5UwANXeiIUs,INDIFFERENT,False
158,Samothraki,Man of No Ego,"AUM, Vol. I",6:25,385,_kEic_H-tXY,INDIFFERENT,False
159,The Night Sky in Motion,Stellardrone,Sublime,3:20,200,UcmIcW5XaCs,INDIFFERENT,False
160,Inspiration from Enigma,SoundsOfEnigma,Inspiration from Enigma,7:31,451,oB-6Cyr14Ag,INDIFFERENT,False
161,Small Little Green Cubes,Solar Fields,"Cosmik Chill ""Red""",9:50,590,_lGrEQki0ig,INDIFFERENT,False
162,Math (feat. G. Strizzolo),Michael FK,Compilation (Silver Edition),7:00,420,g73rrI8o52c,INDIFFERENT,False
163,Dual Spirituality,Neuroq,Unmanifested,10:15,615,3nvhTRPKqfg,INDIFFERENT,False
164,"Follow Him, For He Is the One",Desert Sand Feels Warm at Night,New World Disciples,6:30,390,XdR2mu8_2rU,INDIFFERENT,False
165,Korona,State Azure,Mirror Infinite,5:55,355,_ytIuNuQcr0,INDIFFERENT,False
166,Alberto Balsalm,Aphex Twin,...I Care Because You Do,5:11,311,ulj5UJ5GHvE,INDIFFERENT,False
167,Durga Shakti,"Rara Avis, Shaman's Dream",Kerala Dream,9:09,549,C3DRxE1fJ7w,INDIFFERENT,False
168,"Bloom, Pt. 1 (feat. Karin My)",Carbon Based Lifeforms,Seeker,5:07,307,qK1Bh7ZPncw,INDIFFERENT,False
169,Wildlife Analysis,Boards of Canada,Music Has The Right To Children,1:16,76,OjvgGE_q-5I,INDIFFERENT,False
170,Emigration (Zoohacker Ambient Remake),The Lushlife Project,Eskimo Trip 2010 (Zoohacker Remake),6:24,384,rnciYPtkacM,INDIFFERENT,False
171,Silence II,E-Mantra,Silence 2,6:26,386,dfjxFZZ89Ag,INDIFFERENT,False
172,Lost In Thought,Jon Hopkins,Opalescent,6:17,377,NT1aFEDdAQU,INDIFFERENT,False
173,Silent Universe,Dreamstate Logic,,9:44,584,C8upE0v6g2k,INDIFFERENT,False
174,In Time,Stellardrone,Light Years,3:47,227,GxeycfCIbgM,INDIFFERENT,False
175,Shaman,Man of No Ego,"AUM, Vol. I",7:12,432,fIN5m8IL8bY,INDIFFERENT,False
176,Zero Degrees,Shulman,Random Thoughts,7:36,456,0uhhLyf8g_E,INDIFFERENT,False
177,We Are The Dream (Origin 2010),Solar Fields,Origin # 03,8:12,492,LkUr-YFmfL8,INDIFFERENT,False
178,A Walk,Tycho,Dive (Deluxe Version),5:17,317,TwYj--B2wvs,INDIFFERENT,False
179,Our hearts,Sunbyonic,Marionette Play Vol. 4,5:48,348,2da0XmwXHxk,INDIFFERENT,False
180,Return to the Origins of Life,Cold Womb Descent,Descendants of Tethys,6:35,395,utoIfdJ9Rks,INDIFFERENT,False
181,Principles Of Lust: Sadeness / Find Love / Sadeness (Reprise),Enigma,MCMXC a.D.,11:44,704,ZvQcX5yfTD8,INDIFFERENT,False
182,Cut,State Azure,Cut,5:10,310,g9skCC0VSlY,INDIFFERENT,False
183,Supersede,Carbon Based Lifeforms,Interloper,8:06,486,1Nhdru3Qgs0,INDIFFERENT,False
184,Nordlys (Remastered 2024),"Baba Gnohm, Lauge",Langbortistan (Remastered 2024),13:39,819,ZC4wuQyzx5s,INDIFFERENT,False
185,Andriven,Mystic Crock,Clear Water,8:14,494,DB76DgbEH7c,INDIFFERENT,False
186,Time (Forgotten),Oleg Byonic,"Forsaken, Forbidden, Forgotten",8:07,487,YI0T2w4SJVE,INDIFFERENT,False
187,Being Around You,Joey Fehrenbach,Mellowdrama,7:36,456,m1TD5zbjKiI,INDIFFERENT,False
188,El Despertar De Joel,Lab's Cloud,Connecting on a Deeper Level,8:56,536,JKQTTUIsE5k,INDIFFERENT,False
189,Patience,Suduaya,Come Back To Life,8:17,497,7_pqnrGTC3k,INDIFFERENT,False
190,Seclusion,Zero Cult,Dreams in Stereo,7:34,454,XJGpSvV12BE,INDIFFERENT,False
191,Moon Dust,The Ambientalist,Moon Dust,4:00,240,yBizzmlyXQg,INDIFFERENT,False
192,Mysterious Places,Dreaming Cooper,Mysterious Places,7:20,440,rPhOB7Vv6Pk,INDIFFERENT,False
193,Daydream,Tycho,Dive,5:35,335,xombuoSt9L0,INDIFFERENT,False
194,Hello,Sunbyonic,"Marionette Play, Vol. 7",6:59,419,yhsQfPEiMCI,INDIFFERENT,False
195,Dreamstate Logic - Across The Void [ downtempo / ambient / electronic ],Dreamstate Logic,,9:54,594,tLwv4zjatzM,INDIFFERENT,False
196,Fleur De La Nuit,Siebzehn,"Best of Ambient Tracks, Vol. 2",10:30,630,EeBMdttyPzA,INDIFFERENT,False
197,Sirens Original Mix,Koan,Floating Point 3 compiled by Michael Banel,5:44,344,lW_py_i26v8,INDIFFERENT,False
198,Luminescence,Michael FK,Luminescence,5:08,308,Ul4PCXJQdkw,INDIFFERENT,False
199,Gayatri Mantra,Neuroq,Spacephoria,9:21,561,bDgsQYGLvnU,INDIFFERENT,False
200,After Midnight,Mystic Crock,After Midnight,9:07,547,NqQMlgxl_Cc,INDIFFERENT,False
201,8848 Meters Above Sea Level,Oleg Byonic,Birds Feel the Distance,8:37,517,wakyiXINPb4,INDIFFERENT,False
202,Kid For Today,Boards of Canada,In A Beautiful Place Out In The Country,6:24,384,8NrqiynVrCY,INDIFFERENT,False
203,Grace,Jon Hopkins,Opalescent,4:18,258,4dd8F3XgPzg,INDIFFERENT,False
204,Eternity (Reprise),Stellardrone,Light Years,3:34,214,04zPNiYMbpQ,INDIFFERENT,False
205,Domain of the Resonant Heart,State Azure,Stellar Descent,6:18,378,mxRcUgyv6TI,INDIFFERENT,False
206,Landform (Origin 2005) (2023 Remaster),Solar Fields,Origin # 02 (2023 Remaster),9:18,558,TdnnBpY1Pdc,INDIFFERENT,False
207,Path of Transcendence,E-Mantra,Evaporation,5:39,339,WZ9y-ABBdvQ,INDIFFERENT,False
208,Spiritual Level,Lab's Cloud,Connecting on a Deeper Level,7:50,470,4rGAWGxGRdw,INDIFFERENT,False
209,Reaktion,Carbon Based Lifeforms,Alt:01,5:54,354,slQe0jN9bwc,INDIFFERENT,False
210,Adrift,Tycho,Adrift / From Home,6:01,361,Wt3tAr1J1rI,INDIFFERENT,False
211,In Motion,Mystic Crock,Blue Pigments,8:56,536,cUfD0187bbM,INDIFFERENT,False
212,Hidden Realms,Dreamstate Logic,,9:38,578,_faOmXk3MYA,INDIFFERENT,False
213,Two Thousand and Seventeen,Four Tet,New Energy,4:13,253,ZNuaLyPMc48,INDIFFERENT,False
214,Sunset on Mars,SiebZehN,Deep Resonance (Compiled by Kalifer),10:05,605,WMUXDrA62E4,INDIFFERENT,False
215,When The Silence Is Speaking,Koan,When The Silence Is Speaking,11:14,674,VGF4aUJEtzw,INDIFFERENT,False
216,Delicate,Joey Fehrenbach,Don't Wake Me,6:59,419,-W7AzP8DjaE,INDIFFERENT,False
217,Hypnose (Remastered 2024),"Baba Gnohm, Lauge",Langbortistan (Remastered 2024),8:01,481,XcRQcIrJ-lE,INDIFFERENT,False
218,I Hear You Calling Me,Oleg Byonic,Branches of Reminiscence,7:41,461,Sg9fyozmuFQ,INDIFFERENT,False
219,Lure,Sunbyonic,Marionette Play,8:35,515,zxeHopD_6mA,INDIFFERENT,False
220,All is Full of Light,Suduaya,Unity,10:49,649,vKInNqMldLQ,INDIFFERENT,False
221,it's_cold_here,Star,it's_cold_here,3:07,187,Gxbwc1VfgYU,INDIFFERENT,False
222,you not the same,tilekid,you not the same,2:09,129,gL3daXKfjP8,INDIFFERENT,False
223,It feels like I've forgotten something (Ambient Version),reidenshi,It feels like I've forgotten something (Ambient Version),2:26,146,0DVOHEFhASs,INDIFFERENT,False
224,Everything You Do Is A Balloon,Boards of Canada,Hi Scores,7:00,420,5_KKJmEY2PU,INDIFFERENT,False
225,Phase 09 - Sombrero (2021 Remaster),Solar Fields,Until We Meet The Sky (2021 Remaster),5:44,344,5HzZ3zMLQHI,INDIFFERENT,False
226,To the Great Beyond,Stellardrone,Between the Rings,5:35,335,KNkvloKdsZk,INDIFFERENT,False
227,Shifting Descent,State Azure,Edge of Forever,12:10,730,4cK8GfcZ1Yg,INDIFFERENT,False
228,Halcyon,Jon Hopkins,Opalescent,5:02,302,xrIIBOJi4T8,INDIFFERENT,False
229,Dancing Fireflies,E-Mantra,Silence 3,7:45,465,crSWN-b2Vow,INDIFFERENT,False
230,Vakna,Carbon Based Lifeforms,A Strangely Isolated Place / Europe,7:00,420,4nu2G6HRZa4,INDIFFERENT,False
231,Lost In Love,Mystic Crock,Blue Pigments,9:11,551,uYv5kePU_s0,INDIFFERENT,False
232,Awakening In The Dream,Dreamstate Logic,,9:44,584,FRGRd_0Fr8Q,INDIFFERENT,False
233,Behavior of curve,Sunbyonic,Marionette Play Vol. 3,7:54,474,uK25dERifjE,INDIFFERENT,False
234,Peacock Tail,Boards of Canada,The Campfire Headphase,5:25,325,m4M5OV9N3kM,INDIFFERENT,False
235,Echostream,Solar Fields,Formations,8:27,507,9tSmxOAMVng,INDIFFERENT,False
236,Light Years,Stellardrone,Light Years,6:05,365,OMPE4pO1i_Y,INDIFFERENT,False
237,Rise,State Azure,Mirror Infinite,4:48,288,S2eqi8lfnEQ,INDIFFERENT,False
238,Cerulean,Jon Hopkins,Opalescent,3:59,239,FevyPgSWU9c,INDIFFERENT,False
239,Mysteries Under the Blue Moon,E-Mantra,E-Mantra - Under the Blue Moon,7:12,432,0H-_Fwit_0M,INDIFFERENT,False
240,Seeker,Carbon Based Lifeforms,Seeker,7:31,451,jPWZVszFI6U,INDIFFERENT,False
241,Secret Garden,Mystic Crock,Secret Garden,7:29,449,sn6Wca2Jpn8,INDIFFERENT,False
242,Dreamstate Logic - Ad Astra (To The Stars) [ downtempo / ambient / electronic ],Dreamstate Logic,,9:55,595,Kc2tl61TrN0,INDIFFERENT,False
243,"Somewhere, anywhere",Sunbyonic,Marionette Play Vol. 4,7:30,450,NO6rvEPW8OM,INDIFFERENT,False
244,In A Beautiful Place Out In The Country,Boards of Canada,In A Beautiful Place Out In The Country,6:08,368,8QbtZd9Boc8,INDIFFERENT,False
245,Newton Block (Origin 2017),Solar Fields,Origin # 04,7:40,460,e2yLFkon370,INDIFFERENT,False
246,Stellardrone - Gravitation (2018 Remix) [SpaceAmbient Special],SpaceAmbient,,7:12,432,5JXLro7Ghnw,INDIFFERENT,False
247,Running Up That Hill,State Azure,80s Ambient Reinventions,6:33,393,8_vDdE_f7pU,INDIFFERENT,False
248,Afterlife,Jon Hopkins,Opalescent,4:03,243,8Hmu9spo5_8,INDIFFERENT,False
249,Morning Poem,E-Mantra,Oblivion,7:14,434,4Jp8AeXcoyc,INDIFFERENT,False
250,Gryning (feat. Karin My),Carbon Based Lifeforms,World of Sleepers,7:21,441,7X4S4zM62ak,INDIFFERENT,False
251,Drift Away,Mystic Crock,Reef,10:43,643,7tgybGApFeQ,INDIFFERENT,False
252,Dreamstate Logic - Skies Of Andromeda [SpaceAmbient Channel],SpaceAmbient,,13:25,805,FbbCHWQZ70o,INDIFFERENT,False
253,Hidden Love,Sunbyonic,Marionette Play Vol. 6,9:00,540,1x3xlrXRWgQ,INDIFFERENT,False
254,Arena Americanada,Boards of Canada,Inferno,5:23,323,r43bw4IRRpY,INDIFFERENT,False
255,Serpent Serenade in Silence (Origin 2018),Solar Fields,Origin # 04,5:50,350,5eVZ1lm9vgA,INDIFFERENT,False
256,Billions and Billions,Stellardrone,A Moment of Stillness,5:15,315,XuYxAy_NeZA,INDIFFERENT,False
257,Something Unseen,State Azure,Slipstream,6:53,413,VA83R_9veS4,INDIFFERENT,False
258,Elegiac,Jon Hopkins,Opalescent,6:25,385,3W4a40YRpG4,INDIFFERENT,False
259,"The Hermit's Sanctuary, Pt. II Sleep",E-Mantra,The Hermit's Sanctuary,7:06,426,YlVpAFueHb4,INDIFFERENT,False
260,780 Days,Carbon Based Lifeforms,Derelicts,6:17,377,terVCpXDyps,INDIFFERENT,False
261,Dreamstate Logic - Edge Of Eternity [ downtempo / ambient / electronic ],Dreamstate Logic,,9:41,581,X04K7KJnJP0,INDIFFERENT,False
262,Observe,Sunbyonic,"Marionette Play, Vol. 7",8:51,531,_z34eTaI5no,INDIFFERENT,False
263,Left Side Drive,Boards of Canada,Trans Canada Highway,5:21,321,9RnGV4XOjZ8,INDIFFERENT,False
264,24Q (Origin 2019),Solar Fields,Origin # 04,9:23,563,6oW3-WwJ0I4,INDIFFERENT,False
265,Approaching the Heliopause,Stellardrone,Invent the Universe,5:32,332,23EuCvNDpbY,INDIFFERENT,False
266,Arclight,State Azure,Pale Light of a Hollow Moon,10:00,600,wcdX2odqS8s,INDIFFERENT,False
267,Opalescent,Jon Hopkins,Opalescent,2:12,132,8cgeEOIki0k,INDIFFERENT,False
268,Carbon Based Thalassophile,E-Mantra,Drifting 2,6:20,380,mlqMK5BUmoY,INDIFFERENT,False
269,Central Plain (feat. Karin My),Carbon Based Lifeforms,Interloper,7:34,454,bCPZ6WyAcWc,INDIFFERENT,False
270,Shine like a star (In my darkness),Sunbyonic,Marionette Play Vol. 6,7:15,435,wt4oeK3d-io,INDIFFERENT,False
271,Nothing Is Real,Boards of Canada,Tomorrow's Harvest,3:53,233,eLjjrBIbvFQ,INDIFFERENT,False
272,The Stones Are Not Too Busy,Solar Fields,Movements,10:31,631,bvaL_ohykUg,INDIFFERENT,False
273,A Moment of Stillness,Stellardrone,A Moment of Stillness,6:27,387,-Cva1BxdHm4,INDIFFERENT,False
274,Star Cascade,State Azure,Stellar Descent,5:04,304,uj_WRsWMmKc,INDIFFERENT,False
275,Apparition,Jon Hopkins,Opalescent,2:03,123,3rdgXxGMPMo,INDIFFERENT,False
276,Halcyon,E-Mantra,Textures part 2,5:57,357,ojY1EaH1WhM,INDIFFERENT,False
277,Sunbyonic - Later (Byona Mix),Oleg Byonic,,9:05,545,6oRfh_jdTZM,INDIFFERENT,False
278,Satellite Anthem Icarus,Boards of Canada,The Campfire Headphase,6:05,365,muQp6XK_uZM,INDIFFERENT,False
279,Breeze,Solar Fields,Movements,8:31,511,Wm4ZhzmXJ68,INDIFFERENT,False
280,Infinite Void,Stellardrone,Invent the Universe,6:34,394,if0wlVs4muQ,INDIFFERENT,False
281,Process,State Azure,Slipstream,7:26,446,RsYzsf17O5g,INDIFFERENT,False
282,Interlude,E-Mantra,Folding Time,4:32,272,TJfUIfbY0ZQ,INDIFFERENT,False
283,You Retreat In Time And Space,Boards of Canada,Inferno,5:26,326,LjXF3FujXA8,INDIFFERENT,False
284,The Missing (Origin 2006) (2023 Remaster),Solar Fields,Origin # 02 (2023 Remaster),9:37,577,acXtc8TlQMY,INDIFFERENT,False
285,Cosmic Sunrise,Stellardrone,Sublime,5:10,310,vVtg8_2z9dY,INDIFFERENT,False
286,Altered State,State Azure,Edge of Forever,8:53,533,L4IsIU7wGiQ,INDIFFERENT,False
287,Cararea Ascetilor,E-Mantra,Silence 3,6:02,362,0jxZ9jwUIy8,INDIFFERENT,False
288,84 Pontiac Dream,Boards of Canada,The Campfire Headphase,3:50,230,92gg3Q6ptos,INDIFFERENT,False
289,Unite (Origin 2007) (2022 Remaster),Solar Fields,Origin # 01 (2022 Remaster),9:24,564,JDqjkIVgcr8,INDIFFERENT,False
290,Rendezvous With Rama,Stellardrone,Between the Rings,6:14,374,TH8C_oNomz0,INDIFFERENT,False
291,Polynomial,State Azure,Alpha I,7:29,449,6g-t5EUsDFs,INDIFFERENT,False
292,Cryptid Sightings,E-Mantra,Drifting 2,5:50,350,0S8EO_ZRHs4,INDIFFERENT,False
293,Turquoise Hexagon Sun,Boards of Canada,Music Has The Right To Children,5:08,308,2SvTeJrAlV0,INDIFFERENT,False
294,Feelings (Edit / 2018 Remaster),Solar Fields,Movements,7:23,443,Ne6AMprWCkw,INDIFFERENT,False
295,Stellardrone - Milliways [SpaceAmbient Channel],SpaceAmbient,,9:41,581,B4FGQqoQK_w,INDIFFERENT,False
296,Errant Signals,State Azure,Edge of Forever,13:35,815,ORGOzM-hrFI,INDIFFERENT,False
297,Lucid Dreaming,E-Mantra,Lucid Dreaming,7:03,423,6STan84A7dg,INDIFFERENT,False
298,Under The Coke Sign,Boards of Canada,Trans Canada Highway,1:32,92,_mVFyeLN574,INDIFFERENT,False
299,Velvet Reptile,Solar Fields,RED,8:59,539,-Lknlh0Qib0,INDIFFERENT,False
300,Lights in the Sky,Stellardrone,A Moment of Stillness,7:45,465,XQF3yh3UIgA,INDIFFERENT,False
301,Serpentine,State Azure,Stellar Descent,8:23,503,IC3IUzL0bl4,INDIFFERENT,False
302,When Darkness Comes,E-Mantra,Expedition Frozen Taiga,6:12,372,ktYDXGIpzEE,INDIFFERENT,False
303,Touching,E-Mantra,Silence,5:36,336,67zvYFbnUas,INDIFFERENT,False
304,Galaxies,Stellardrone,Echoes,5:27,327,zXoY7PDtLCk,INDIFFERENT,False
305,Going In (Origin 2004) (2022 Remaster),Solar Fields,Origin # 01 (2022 Remaster),7:47,467,aAjCdZhLlKI,INDIFFERENT,False
306,Timeframes,State Azure,Edge of Forever,6:22,382,6EbuWp4Tmu4,INDIFFERENT,False
307,M,Carbon Based Lifeforms,Interloper,5:37,337,YYAMGerPNP4,INDIFFERENT,False
308,Deep Time,Boards of Canada,Inferno,3:19,199,FL_9eOgwJE8,INDIFFERENT,False
309,Signals,Brian Eno,Apollo: Atmospheres And Soundtracks (Extended Edition),2:48,168,ukw1P4aZegU,INDIFFERENT,False
310,190304-08,Hideyuki Hashimoto,Soukou,2:50,170,3FmH7GOjHPI,INDIFFERENT,False
311,El Fantasma,Hermanos Gutiérrez,Sonido Cósmico,3:04,184,_MGo4X68xJA,INDIFFERENT,False
312,you left me on suicide sunday (Slowed + Reverb),thenian,you left me on suicide sunday (Remixes),3:19,199,q8X5cqkVdDs,INDIFFERENT,False
313,tamriel,"cornwave, hozuki",oblivion,3:41,221,3VYm2YzzwbY,INDIFFERENT,False
314,snowfield,".diedlonely, Blut Own",snowfield,3:08,188,83boEyOO-pY,INDIFFERENT,False
315,A Calf Born In Winter,Khruangbin,A Calf Born in Winter,3:30,210,yL-_PGgFVvs,INDIFFERENT,False
316,hope to see you again,Antent,hope to see you again,2:28,148,KQ5qkE584IU,INDIFFERENT,False
317,Endless Falls,loscil,Endless Falls,7:56,476,xxxpnfRi4Tw,INDIFFERENT,False
318,Starry Night,Jordan Critz,Starry Night,4:59,299,xSXzw1XiDVw,INDIFFERENT,False
319,Clouds Gathering In The West,Hello Meteor,Thoughts On The Rain Season,5:00,300,o8ntoNffL0g,INDIFFERENT,False
320,a way out,"Miranda Rain, my head is empty",a way out,2:16,136,k1oFLm902wM,INDIFFERENT,False
321,Autumn Leaves,Virginio Aiello,Autumn Leaves,2:47,167,pYWSKKZMqNI,INDIFFERENT,False
322,Onwards,Dylan John Sparkes,Vibrations Of Love,2:41,161,uNx-RCI4CR8,INDIFFERENT,False
323,Lawson: irreplaceable,"Chad Lawson, James Southall, Royal Philharmonic Orchestra",irreplaceable,4:32,272,rbK_ImkxNVU,INDIFFERENT,False
324,"The Intangible-""Encyclopedia of Frozen Dreams""",The Intangible,,5:46,346,OPFRMo_9GDM,INDIFFERENT,False
325,Cold Out There,Jon Hopkins,Opalescent,3:55,235,WXuLEE8LLc4,INDIFFERENT,False
326,North Cormorant Obscurity,Rykard,Arrive The Radio Beacon,3:18,198,Mnf1yfYOwUE,INDIFFERENT,False
327,this place feels familiar,"ascxnd, pxlse.",disappearance,2:42,162,6WsGEUT2KaE,INDIFFERENT,False
328,#20,Aphex Twin,Selected Ambient Works Volume II,4:16,256,cCD8uT9C90M,INDIFFERENT,False
329,Sylvan Echoes,Jacob LaVallee,Sylvan Echoes,3:32,212,HeQE-OgzgRI,INDIFFERENT,False
330,Autumn Days,Morunas,Autumn Days,2:37,157,9aQdcDMEOkk,INDIFFERENT,False
331,DISCOVERY,Tony Ann,AWAKENING,3:05,185,vkKT_uio8VE,INDIFFERENT,False
332,Waltz of Cecilia,Teesa,Peaceful Solitude,3:11,191,v3kHI_lgaCo,INDIFFERENT,False
333,Serenidade,Vincenzo Crimaco,Serenidade,3:08,188,cqxLnjRYqXs,INDIFFERENT,False
334,a familiar feeling,alixe.,a familiar feeling,2:59,179,Aupt2_jyW9w,INDIFFERENT,False
335,"it's ok, you're ok",bonjr,"it's ok, you're ok",3:36,216,dm87PN-fTlg,INDIFFERENT,False
336,retire (final),Alvedon,hurry up mixtape,3:35,215,guQ_Sy7uAEI,INDIFFERENT,False
337,Petrichor (Felt Version),Jacob's Piano,Relaxing Felt Piano,4:39,279,X4Ge5bWV1jY,INDIFFERENT,False
338,Denna,Finnegan Tui,"Lost Tales, Vol. 1",3:31,211,8ZNucRs1hf8,INDIFFERENT,False
339,Haul (Radio Edit) (feat. Mohna),Christian Löffler,Haul,3:38,218,x8kMzAmfNEk,INDIFFERENT,False
340,Aurora,Kupla,All Natural,2:28,148,sNfhhzvnR58,INDIFFERENT,False
341,Now We Are Free (Honor Him) - Gladiator (Piano Version),Reinout Gerlach,Now We Are Free (Honor Him) - Gladiator (Piano Version),3:05,185,aZDq7S9VoQg,INDIFFERENT,False
342,death in inertia,Willix,death in inertia,3:04,184,ruKyhbTlQsc,INDIFFERENT,False
343,Current,inola,Channel,3:06,186,oQaXp16OC0c,INDIFFERENT,False
344,Ascension,Jason Fervento,Ascension,2:46,166,U4zWqtfbkjk,INDIFFERENT,False
345,sleepless (Super Slowed),Ødyzon,sleepless (Remixes),3:40,220,fONi6j_pvWA,INDIFFERENT,False
346,Tender love,"Mounika., Ocie Elliott",I Need Space,3:24,204,SLdgzop1Rqs,INDIFFERENT,False
347,The Fires At Night,Eluvium,Virga III,6:18,378,wNNYmQoaCbU,INDIFFERENT,False
348,"Over There, It's Raining",Nils Frahm,The Bells,1:52,112,HICCydF43N8,INDIFFERENT,False
349,Where You and I Begin,Vontmer,Home Is You,3:48,228,BPmLr2w4WBU,INDIFFERENT,False
350,Idea 10,Gibran Alcocer,Idea 10,2:08,128,NfOg7uNLolA,INDIFFERENT,False
351,Donna Lira,Opez,Social Limbo,3:17,197,oIdNLsttpbQ,INDIFFERENT,False
352,Alone in Kyoto,Air,Talkie Walkie,4:51,291,I0SVd_Q5wIg,INDIFFERENT,False
353,Blue Light,Mazzy Star,So Tonight That I Might See,5:11,311,H7VUO-WxppY,INDIFFERENT,False
354,Comfort Zone,general fuzz,Soulful Filling,6:03,363,wXxHXPDVjqo,INDIFFERENT,False
355,Patterns,James Malikey,Patterns,2:53,173,RnqDIew_97U,INDIFFERENT,False
356,"The Intangible-""Attuned""-Space Music",The Intangible,,4:17,257,EMkSTKm-ypY,INDIFFERENT,False
357,Sentimental,SYML,Sentimental,3:39,219,fTyhJt4WSUE,INDIFFERENT,False
358,Pacing,Julianna Barwick,Pacing,4:23,263,1AigG-1Aa_Y,INDIFFERENT,False
359,Stellardrone - Penumbra (Remix) [SpaceAmbient Channel],SpaceAmbient,,8:18,498,XMn4DA7UxFk,INDIFFERENT,False
360,Beyond The Unknown,E-Mantra,Silence 2,6:31,391,RCXex1iNO08,INDIFFERENT,False
361,OnFlow (Edit / 2014 Remaster),Solar Fields,RED,8:24,504,4tv_iAGTJy0,INDIFFERENT,False
362,Love Comes Quickly,State Azure,80s Ambient Reinventions,8:58,538,CWNhPRJCQfA,INDIFFERENT,False
363,Heard From Telegraph Lines,Boards of Canada,Trans Canada Highway,1:10,70,oR8rsv4_C6s,INDIFFERENT,False
364,Equilibrium,Carbon Based Lifeforms,Derelicts,8:57,537,rsZIIuwet7Y,INDIFFERENT,False
365,Forever Held,"Jon Hopkins, Ólafur Arnalds",Forever Held,2:39,159,Hmxfn9V3lzE,INDIFFERENT,False
366,190311-01,Hideyuki Hashimoto,Soukou,3:04,184,34V3Fj1Bcy4,INDIFFERENT,False
367,In Threes,Loscil,Sea Island,5:58,358,Px_DbjgHVX4,LIKE,False
368,Evanescent,Dylan John Sparkes,Phoenix,3:05,185,Wp7mDxKAcHs,INDIFFERENT,False
369,The Windmills of your Mind (From The Thomas Crown Affair / De L’Affaire Thomas Crown),Chad Lawson,The Windmills of Your Mind,3:41,221,DIkOKUBlVoY,INDIFFERENT,False
370,it's all my fault,pxlse.,it's all my fault,2:01,121,v07nWByhpEI,INDIFFERENT,False
371,Now We Are Free (from “Gladiator”) (Piano Version),Jacob's Piano,Intimate Soundtracks: Piano Interpretations by Jacob's Piano,3:12,192,TA9SEorUh90,INDIFFERENT,False
372,An Ending (Ascent),Brian Eno,Apollo: Atmospheres And Soundtracks (Extended Edition),4:25,265,XbL9DT4QFc8,INDIFFERENT,False
373,ICARUS,Tony Ann,AWAKENING,3:20,200,AtA1xKcwupE,INDIFFERENT,False
374,The Divine Cosmos,Stellardrone,Sublime,8:55,535,izgCqzx9GFo,INDIFFERENT,False
375,Tales from the Igloo,E-Mantra,Silence 2,6:42,402,gLHSTJ_UOlM,INDIFFERENT,False
376,Circles Of Motion,Solar Fields,Movements,9:43,583,0uYy4-GU3tY,INDIFFERENT,False
377,Slipstream,State Azure,Slipstream,8:12,492,OCe6mcfYGBs,INDIFFERENT,False
378,Sundown,Boards of Canada,Tomorrow's Harvest,2:17,137,-2p4P5zbS7U,INDIFFERENT,False
379,"Bloom, Pt. 2 (feat. Karin My)",Carbon Based Lifeforms,Seeker,3:09,189,AKOwxG5RbO8,INDIFFERENT,False
380,The Wider Sun,Jon Hopkins,Insides,2:35,155,K32txPlV64I,INDIFFERENT,False
381,Now We Are Free (Honor Him) Piano Version Gladiator,Reinout Gerlach,Now We Are Free (Honor Him) Piano Version Gladiator,3:05,185,R5axV-b4-XE,INDIFFERENT,False
382,Somewhere The Day Kept Going,Hello Meteor,Darling River,3:36,216,XywXeb1vRCQ,INDIFFERENT,False
383,The Spirit Of Winter,Dylan John Sparkes,The Spirit Of Winter,2:55,175,d09dvcoBLEs,INDIFFERENT,False
384,Breathe in the Light,Stellardrone,Between the Rings,5:03,303,E5narnLZDzs,INDIFFERENT,False
385,As Dreams Unfold,E-Mantra,E-Mantra - Under the Blue Moon,6:31,391,xYRIdxNmKcU,INDIFFERENT,False
386,Jeezlh,Solar Fields,RED,9:15,555,MxUPmftIGGI,INDIFFERENT,False
387,Love on a Real Train,State Azure,Dreams,8:25,505,FIY5aCDvdNM,INDIFFERENT,False
388,The Smallest Weird Number,Boards of Canada,Geogaddi,1:18,78,MIuUOqFXyik,INDIFFERENT,False
389,Fauna,Carbon Based Lifeforms,Seeker,5:31,331,40mM-wgawJk,INDIFFERENT,False
390,Dawn Chorus,Jon Hopkins,Dawn Chorus,3:29,209,cwTWLfIfTJY,INDIFFERENT,False
391,Inner Dance,Dylan John Sparkes,Noon Dance,3:04,184,mdUG4JgPflw,INDIFFERENT,False
392,Penumbra,Stellardrone,Echoes,6:54,414,HyCHohKzjXY,INDIFFERENT,False
393,Lighthouse Mysteries,E-Mantra,Textures,5:56,356,YN4v6je7Vgw,INDIFFERENT,False
394,The Road To Nothingness,Solar Fields,Movements,6:59,419,Y1EAHEM5rXI,INDIFFERENT,False
395,Sublunar,State Azure,Stellar Descent,6:49,409,zTNy2VZTgpE,INDIFFERENT,False
396,Melissa Juice,Boards of Canada,Twoism,1:33,93,9Fnb7APrAeo,INDIFFERENT,False
397,"Tayos Caves, Ecuador ii",Jon Hopkins,Music For Psychedelic Therapy,5:08,308,jm_Y1HL59VA,INDIFFERENT,False
398,Truth,Dylan John Sparkes,Earth,4:19,259,wkdheX5CaDA,INDIFFERENT,False
399,The Earth Is Blue,Stellardrone,On a Beam of Light,8:36,516,L1uRQu7H0FY,INDIFFERENT,False
400,Under the Field of Stars,E-Mantra,Silence 3,6:39,399,sZrV1Qqx8pk,INDIFFERENT,False
