home,home_index,type,title,artists,description,id,captured_at,run_id
Listen again,1,Playlist,'''ketamine therapy,,Josh Steiner • 46K views,PLZNVWeOP2kCFZlQfIdfRpzJk78T7mdI4e,2026-09-12T08:34:07Z,gh-6753
Listen again,1,Video,MIXED AMBIENT TECHNO ALBUM || Goleuni Ynysig by Rob Jenkins,ambient techno mixes,,RDAMVMFB0qhtcejEI,2026-09-12T08:34:07Z,gh-6753
Listen again,1,Album,Le Disque Francais,Cafe Accordion Orchestra,,MPREb_9r9nTRkGfry,2026-09-12T08:34:07Z,gh-6753
Listen again,1,Album,The Last Resort,Trentemøller,,MPREb_CKYwiWTKNtB,2026-09-12T08:34:07Z,gh-6753
Listen again,1,Album,Unfinished Pyramid,Ivan the Tolerable,,MPREb_KqvqodLJBT4,2026-09-12T08:34:07Z,gh-6753
Listen again,1,Album,Breakdown,Old & In The Way,,MPREb_apdoEu95Zwv,2026-09-12T08:34:07Z,gh-6753
Listen again,1,Album,The Lone Deranger,Hallucinogen,,MPREb_3Xhjy6J8IEi,2026-09-12T08:34:07Z,gh-6753
Listen again,1,Album,Volume III,Flore Laurentienne,,MPREb_uBQ9QWVYlU5,2026-09-12T08:34:07Z,gh-6753
Listen again,1,EP,Six Songs for Invisible Gardens,Green-House,,MPREb_i2hmvOMiy4e,2026-09-12T08:34:07Z,gh-6753
Listen again,1,Album,Genuine Negro Jig,Carolina Chocolate Drops,,MPREb_8t1nef9TAaV,2026-09-12T08:34:07Z,gh-6753
Listen again,1,Album,Endless Falls,loscil,,MPREb_5petiP3xRKC,2026-09-12T08:34:07Z,gh-6753
Listen again,1,Single,GAME OVER (you fools),Union Specific,,MPREb_y8tguGLxxk8,2026-09-12T08:34:07Z,gh-6753
Listen again,1,Album,A Cross The Universe,Justice,,MPREb_TjgVvQRbVKM,2026-09-12T08:34:07Z,gh-6753
Listen again,1,Album,Ok-Oyot System,Extra Golden,,MPREb_38gFW6sLFT9,2026-09-12T08:34:07Z,gh-6753
Listen again,1,Album,THIS MUSIC MAY CONTAIN HOPE.,RAYE,,MPREb_q0FayVwsPcA,2026-09-12T08:34:07Z,gh-6753
Listen again,1,Album,Access All Arenas,Justice,,MPREb_nnrrKBnjB16,2026-09-12T08:34:07Z,gh-6753
Listen again,1,Album,My Bluegrass Heart,Béla Fleck,,MPREb_wqzwvXxj2Hy,2026-09-12T08:34:07Z,gh-6753
Listen again,1,Video,Liquid Soul & Captain Hook - Liquid Hook (Interactive Noise Remix) @ Boom Festival 2022,"Liquid Soul, Neodyne",,RDAMVM3b6q5oyKHYs,2026-09-12T08:34:07Z,gh-6753
Listen again,1,Album,Baboon Strength,Charlie Hunter,,MPREb_QnJWCN5W4ve,2026-09-12T08:34:07Z,gh-6753
Listen again,1,Playlist,Top songs,,Playlist • 23 songs,OLAK5uy_lgyHEfY7RzdOobEhwUQuPDiyXJUHLP-fg,2026-09-12T08:34:07Z,gh-6753
Forgotten favorites,2,EP,Shameful Joy,Satellite Friend,,MPREb_Y6CrrAADX4b,2026-09-12T08:34:07Z,gh-6753
Forgotten favorites,2,Album,Somber,SVLBRD,,MPREb_A9ka8Zw9cYR,2026-09-12T08:34:07Z,gh-6753
Forgotten favorites,2,Album,Red On Blonde,Tim O'Brien,,MPREb_Y5GvSsuErqb,2026-09-12T08:34:07Z,gh-6753
Forgotten favorites,2,Album,"The Best of Sprinkler, Vol. 1",,,MPREb_RCZ6MpQvLv6,2026-09-12T08:34:07Z,gh-6753
Forgotten favorites,2,Album,Sea Island,loscil,,MPREb_Dvfwoj5D6ZF,2026-09-12T08:34:07Z,gh-6753
Forgotten favorites,2,Album,Void XXIV,Chihei Hatakeyama,,MPREb_ZKEQ7QO46Q4,2026-09-12T08:34:07Z,gh-6753
Forgotten favorites,2,EP,Coast / Range / Arc,Loscil,,MPREb_5B37dUdin89,2026-09-12T08:34:07Z,gh-6753
Forgotten favorites,2,Album,Submers,loscil,,MPREb_2KPZeQbArJb,2026-09-12T08:34:07Z,gh-6753
Forgotten favorites,2,Album,The Campfire Headphase,Boards of Canada,,MPREb_DI49QF5179w,2026-09-12T08:34:07Z,gh-6753
Forgotten favorites,2,Single,Vacuum Boogie (EP),Floating Points,,MPREb_ewJkT2CFwBl,2026-09-12T08:34:07Z,gh-6753
That summer feeling,3,Playlist,Yacht Rock Classics,,"Hall & Oates, Fleetwood Mac, Steely Dan, The Doobie Brothers",RDCLAK5uy_lRZPrRiskUd_P0ld4JdIZNxOmqFVWOZIU,2026-09-12T08:34:07Z,gh-6753
That summer feeling,3,Playlist,Sunshine Indie,,"Geowulf, Parcels, Peach Pit, Leon Bridges",RDCLAK5uy_l808wsTOCKs6u9c1bqeLIpzTUOfns2BMs,2026-09-12T08:34:07Z,gh-6753
That summer feeling,3,Playlist,Lazy Summer,,"Phoebe Bridgers, Khruangbin, Bob Marley, Kings Of Convenience",RDCLAK5uy_mFLFxRholkVddpGoCWubF7WGe7vgFm1SY,2026-09-12T08:34:07Z,gh-6753
That summer feeling,3,Playlist,Southern Rock BBQ,,"Lynyrd Skynyrd, ZZ Top, The Allman Brothers Band, The Marshall Tucker Band",RDCLAK5uy_kTryekD5_prNBl8eu44N_x2w6zPyZUNt0,2026-09-12T08:34:07Z,gh-6753
That summer feeling,3,Playlist,Margaritaville,,"Jimmy Buffett, Kenny Chesney, Zac Brown Band, Bob Marley",RDCLAK5uy_msmCN7LtOaHMAeGUtReEHr3DK5lLd9PmY,2026-09-12T08:34:07Z,gh-6753
That summer feeling,3,Playlist,Classic Rock Summer,,"John Mellencamp, Guns N' Roses, Bruce Springsteen, Van Morrison",RDCLAK5uy_l0NNK9-Z-5g0Lkf-TpctvuwqSxLByMnN4,2026-09-12T08:34:07Z,gh-6753
That summer feeling,3,Playlist,Songs of Summer 2026,,"Olivia Rodrigo, Taylor Swift, Ella Langley, Harry Styles",RDCLAK5uy_lGVd_xGC4tP_YwEfG0_oBU0HWdRPvctV8,2026-09-12T08:34:07Z,gh-6753
That summer feeling,3,Playlist,Campfire Classics,,"Jack Johnson, Bob Marley, PINK FLOYD, Kurt Vile",RDCLAK5uy_liwwwIG8z4P25AWeLZ2Nvydx1GwbvndEI,2026-09-12T08:34:07Z,gh-6753
That summer feeling,3,Playlist,A Happy Alternative,,"Alabama Shakes, The Black Keys, Jungle, Milky Chance",RDCLAK5uy_kJWGcrtTC_zrbD6rKkBvOcht_vzijhX1A,2026-09-12T08:34:07Z,gh-6753
That summer feeling,3,Playlist,Country Summer,,"Morgan Wallen, Luke Bryan, Luke Combs, Kenny Chesney",RDCLAK5uy_lFScXiIb-vQnEX186pRe2ijM5r1CgxGEE,2026-09-12T08:34:07Z,gh-6753
New releases,4,Single,Pair of Dice,Sierra Ferrell,,MPREb_nWQu04OH4ZW,2026-09-12T08:34:07Z,gh-6753
New releases,4,Album,Rent Money,Pokey LaFarge,,MPREb_B8CWXuS0BnZ,2026-09-12T08:34:07Z,gh-6753
New releases,4,Album,Distance in Static,Bonobo,,MPREb_GvPMXBmBE6G,2026-09-12T08:34:07Z,gh-6753
New releases,4,Album,Cover to Cover,AJ Lee & Blue Summit,,MPREb_LufPmeczCuq,2026-09-12T08:34:07Z,gh-6753
New releases,4,EP,So Long Little Miss Sunshine (Acoustic EP),Molly Tuttle,,MPREb_Ql0gcSLDlQK,2026-09-12T08:34:07Z,gh-6753
New releases,4,Single,Song Of You,The California Honeydrops,,MPREb_S2mkwH034mn,2026-09-12T08:34:07Z,gh-6753
New releases,4,Single,Blue Mountain Hop - Live Heart,Béla Fleck,,MPREb_lpS4jCc7whP,2026-09-12T08:34:07Z,gh-6753
New releases,4,Single,You Wish (Abbey Road Fuzz Gospel Version),,,MPREb_Slw7iVBVhct,2026-09-12T08:34:07Z,gh-6753
New releases,4,Album,Browning Out With Ivan The Tolerable,Ivan the Tolerable,,MPREb_NtSKa50FBy2,2026-09-12T08:34:07Z,gh-6753
New releases,4,Single,Red Dirt Girl (feat. Jerry Douglas),AJ Lee & Blue Summit,,MPREb_1O4lhtiurF6,2026-09-12T08:34:07Z,gh-6753
From your library,5,EP,Soft Euphoria,"Foam and Sand, Robot Koch, Six Missing",,MPREb_JfcZlCOlgui,2026-09-12T08:34:07Z,gh-6753
From your library,5,Album,The Best Of,Vincent Bell,,MPREb_ol6htUNNUxS,2026-09-12T08:34:07Z,gh-6753
From your library,5,Album,Oneironautics,Hawksmoor,,MPREb_0OSRuralNeT,2026-09-12T08:34:07Z,gh-6753
From your library,5,EP,The Big Tourist,Trouble's Braids,,MPREb_TZuoeeTFEak,2026-09-12T08:34:07Z,gh-6753
From your library,5,Album,bloom,Sprig of That,,MPREb_QK4jKOE10Z5,2026-09-12T08:34:07Z,gh-6753
From your library,5,Album,Hinterlands,Green-House,,MPREb_FTvP13gDvmj,2026-09-12T08:34:07Z,gh-6753
From your library,5,Album,The Blue Sky Boys,The Blue Sky Boys,,MPREb_69W8gjryl2Z,2026-09-12T08:34:07Z,gh-6753
From your library,5,Album,2,"Andy Shauf, Darryl Kissick, Foxwarren",,MPREb_YoXO44oYiMt,2026-09-12T08:34:07Z,gh-6753
From your library,5,EP,The Very Day I'm Gone,Virginia Masland,,MPREb_Q6j4BvA94YK,2026-09-12T08:34:07Z,gh-6753
From your library,5,Album,Ethiopian Modern Instrumentals Hits,Mulatu Astatke,,MPREb_ajXQnwuHeuh,2026-09-12T08:34:07Z,gh-6753
Quick picks,6,,When They Ring The Golden Bells / Ophelia Reprise,Natalie Merchant,,KU3Soe1LXsQ,2026-09-12T08:34:07Z,gh-6753
Quick picks,6,,Pair of Dice,Sierra Ferrell,,hUYq1oKa8zQ,2026-09-12T08:34:07Z,gh-6753
Quick picks,6,,Carry It With You,Aurelia Anne Cohen,,s2ei_pXZbpo,2026-09-12T08:34:07Z,gh-6753
Quick picks,6,,Blue Mountain Hop - Live Heart,Béla Fleck,,Jx1tMNPZU4I,2026-09-12T08:34:07Z,gh-6753
Quick picks,6,,Lockdown,"Shpongle, Simon Posford",,tkOk_LCUWxU,2026-09-12T08:34:07Z,gh-6753
Quick picks,6,,Trancespotter,Hallucinogen,,HtkvoIHbU2I,2026-09-12T08:34:07Z,gh-6753
Quick picks,6,,Fine Corinthian Leather,Charlie Hunter,,MBGvMic-ZDE,2026-09-12T08:34:07Z,gh-6753
Quick picks,6,,Cotom,Loscil,,gnDPFb6eebM,2026-09-12T08:34:07Z,gh-6753
Quick picks,6,,GAME OVER (you fools),Union Specific,,3wiyIbZtYGY,2026-09-12T08:34:07Z,gh-6753
Quick picks,6,,Serpent Lullaby,The Brudi Brothers,,9ImdX0RgA50,2026-09-12T08:34:07Z,gh-6753
Quick picks,6,,It's Not Easy,Extra Golden,,0o6JgRNd_Lc,2026-09-12T08:34:07Z,gh-6753
Quick picks,6,,Mist,SVLBRD,,6K4jl6PMSzw,2026-09-12T08:34:07Z,gh-6753
Quick picks,6,,Railroad Bill,Ramblin' Jack Elliott,,GWVa7gIMS68,2026-09-12T08:34:07Z,gh-6753
Quick picks,6,,Do Right Woman,Chuck Darwin & the Knuckle Draggers,,ADSYbRZM38k,2026-09-12T08:34:07Z,gh-6753
Quick picks,6,,Jaybird,Charlie Parr,,7HEQ0MLe0-Y,2026-09-12T08:34:07Z,gh-6753
Quick picks,6,,Petit matin,Flore Laurentienne,,bOhe37zN7tM,2026-09-12T08:34:07Z,gh-6753
Quick picks,6,,Old Train,The Tony Rice Unit,,JRn6zJgG8WU,2026-09-12T08:34:07Z,gh-6753
Quick picks,6,,Teen Angst,Keller & The Keels,,P0rZ6YMcIFo,2026-09-12T08:34:07Z,gh-6753
Quick picks,6,,Purple Haze,Frank Zappa,,9APCmR0PzEQ,2026-09-12T08:34:07Z,gh-6753
Quick picks,6,,We,The Roches,,PbgQITWRTbQ,2026-09-12T08:34:07Z,gh-6753
Medeski Martin & Wood,7,Album,All Kooked Out! (feat. Charlie Hunter & Skerik),Stanton Moore,,MPREb_JrDiajaNSHK,2026-09-12T08:34:07Z,gh-6753
Medeski Martin & Wood,7,Album,Renewable Energy,The New Mastersounds,,MPREb_7nDgxY0YbFU,2026-09-12T08:34:07Z,gh-6753
Medeski Martin & Wood,7,Album,The Nashville Session 2,The New Mastersounds,,MPREb_Cd6l9Gz8JsV,2026-09-12T08:34:07Z,gh-6753
Medeski Martin & Wood,7,Artist,Lettuce,,,UCi8L1ePsB8G-x709NVpltkA,2026-09-12T08:34:07Z,gh-6753
Medeski Martin & Wood,7,Artist,Soulive,,,UCMPLkcyo1_DcwCzKzZW0Bfg,2026-09-12T08:34:07Z,gh-6753
Medeski Martin & Wood,7,Playlist,Funky Jazz & Hip-hop on Soul,,James White II • 11K views,PLoLiWXLivS-4Fg9w-bvYO-L_d4GYuwDvg,2026-09-12T08:34:07Z,gh-6753
Medeski Martin & Wood,7,Artist,The Greyboy Allstars,,,UCaudYIG8ebwnbi7BVidKl3Q,2026-09-12T08:34:07Z,gh-6753
Medeski Martin & Wood,7,Album,West Coast Boogaloo,The Greyboy Allstars,,MPREb_ypkrfKFZlBB,2026-09-12T08:34:07Z,gh-6753
Medeski Martin & Wood,7,Artist,Stanton Moore,,,UCg3rrlRKj_AFoQH6U9g51rA,2026-09-12T08:34:07Z,gh-6753
Medeski Martin & Wood,7,Album,Close but No Cigar,Delvon Lamarr Organ Trio,,MPREb_ySwkygXga9L,2026-09-12T08:34:07Z,gh-6753
"Fresh finds, old favorites",8,Playlist,Archive Mix,,"Shpongle, The Flying Burrito Brothers, Noam Pikelny, Merle Haggard",RDTMAK5uy_mZtXeU08kxXJOUhL0ETdAuZTh1z7aAFAo,2026-09-12T08:34:07Z,gh-6753
"Fresh finds, old favorites",8,Playlist,Discover Mix,,"Bob Weir, The Band, Los Retros, Mild High Club",RDTMAK5uy_n_5IN6hzAOwdCnM8D8rzrs3vDl12UcZpA,2026-09-12T08:34:07Z,gh-6753
"Fresh finds, old favorites",8,Playlist,Liked Music,,Auto playlist,LM,2026-09-12T08:34:07Z,gh-6753
"Fresh finds, old favorites",8,Playlist,Replay Mix,,"Extra Golden, Hallucinogen, the Delmore Brothers, Hammock",RDTMAK5uy_nilrsVWxrKskY0ZUpVZ3zpB0u4LwWTVJ4,2026-09-12T08:34:07Z,gh-6753
"Fresh finds, old favorites",8,Playlist,New Release Mix,,"Druid Fluids, Medium Build",RDTMAK5uy_lr0LWzGrq6FU9GIxWvFHTRPQD2LHMqlFA,2026-09-12T08:34:07Z,gh-6753
Indie & alternative,9,Album,Dummy,Portishead,,MPREb_G6JQUdInW98,2026-09-12T08:34:07Z,gh-6753
Indie & alternative,9,Playlist,Out of the rut,,Nick Przekurat • 44K views,PL9dTGDGAvW6xFtHD9SzNAiOSqgNJX3kRB,2026-09-12T08:34:07Z,gh-6753
Indie & alternative,9,Playlist,Soft Sounds from Another Planet,,Tofu Love • 106K views,PLUIjzNfZH64dk28mLl__OJIdVmlgPr77n,2026-09-12T08:34:07Z,gh-6753
Indie & alternative,9,Album,An Awesome Wave,Alt-J,,MPREb_VsvPkrdaKvh,2026-09-12T08:34:07Z,gh-6753
Indie & alternative,9,Album,Making Mirrors,Gotye,,MPREb_qftiJv44Tfz,2026-09-12T08:34:07Z,gh-6753
Indie & alternative,9,Playlist,Indie Anthems,,"Tame Impala, Beach House, Florence + The Machine, HAIM",RDCLAK5uy_m9Rw_g5eCJtMhuRgP1eqU3H-XW7UL6uWQ,2026-09-12T08:34:07Z,gh-6753
Indie & alternative,9,Album,Coastal Grooves,Blood Orange,,MPREb_C8lcC2404mW,2026-09-12T08:34:07Z,gh-6753
Indie & alternative,9,Album,Melophobia,Cage The Elephant,,MPREb_MQ2Uel0c6YH,2026-09-12T08:34:07Z,gh-6753
Indie & alternative,9,Playlist,In Headspace,,Salazar Prime • 10K views,PL9OB3IaBuM4f8VGvppXttCzc3MmOtTUZU,2026-09-12T08:34:07Z,gh-6753
Indie & alternative,9,Album,It's Blitz!,Yeah Yeah Yeahs,,MPREb_vm5ZvJ1mjhE,2026-09-12T08:34:07Z,gh-6753
