title,artists,album,inLibrary,likeStatus,duration,duration_seconds,videoId,played_at,run_id
Chalkdust Torture,Phish,1994.06.11 SBD,,INDIFFERENT,6:03,363,pgpuGTSxyrM,2025-03-31T18:36:49Z,gh-3852
Wilson,Phish,1994.06.11 SBD,,INDIFFERENT,4:31,271,WJLdvN-BTNw,2025-03-31T18:32:18Z,gh-3852
Suzy Greenberg,Phish,1994.06.11 SBD,,INDIFFERENT,5:58,358,MJQO2giOQ7w,2025-03-31T18:26:20Z,gh-3852
Frankenstein,Phish,1994.06.11 SBD,,INDIFFERENT,4:51,291,6_pL03y-Kz4,2025-03-31T18:21:29Z,gh-3852
Contact,Phish,1994.06.11 SBD,,INDIFFERENT,6:06,366,JPPzZmFpE14,2025-03-31T18:15:23Z,gh-3852
Maze,Phish,1994.06.11 SBD,,INDIFFERENT,9:42,582,UL2SSq_tKh4,2025-03-31T18:05:41Z,gh-3852
The Squirming Coil,Phish,1994.06.11 SBD,,INDIFFERENT,9:56,596,cVkbAb49Bt0,2025-03-31T17:55:45Z,gh-3852
Split Open and Melt,Phish,1994.06.11 SBD,,INDIFFERENT,8:55,535,yUxNKFBwlt4,2025-03-31T17:46:50Z,gh-3852
Scent of a Mule,Phish,1994.06.11 SBD,,INDIFFERENT,7:40,460,a96ocHj_rwY,2025-03-31T17:39:10Z,gh-3852
Fluffhead,Phish,1994.06.11 SBD,,INDIFFERENT,13:35,815,-ko0Ldg3Mr8,2025-03-31T17:25:35Z,gh-3852
Once Again,Mononome,Tale of the Phoenix,False,INDIFFERENT,4:20,260,sfltEHtTOfM,2025-03-31T17:21:15Z,gh-3852
Beachy Head (Remix),Mechanical Me,I Like Mixes,False,INDIFFERENT,3:49,229,GJ91toMSZNA,2025-03-31T17:17:26Z,gh-3852
Good Disease (feat. Stephen Jones),Aim,Hinterland,False,INDIFFERENT,4:24,264,6O6ErCwM-3E,2025-03-31T17:13:02Z,gh-3852
Lunar,Little People,"Unreleased Bits & Pieces, Pt. 1",False,INDIFFERENT,4:00,240,S7HmqvHOYQE,2025-03-31T17:09:02Z,gh-3852
So Long,Mr. Scruff,Keep It Unreal (10th Anniversary Analogue Remaster Edition),False,INDIFFERENT,4:14,254,J_IbIYyACME,2025-03-31T17:04:48Z,gh-3852
Towers (feat. Szjerdene),Bonobo,The North Borders,False,INDIFFERENT,3:37,217,hWhMVHS6618,2025-03-31T17:01:11Z,gh-3852
My Prayer,Kokoroko,Get The Message,False,INDIFFERENT,3:57,237,5dEZf1wQMUg,2025-03-31T16:57:14Z,gh-3852
Iron Giraffe,Takuya Kuroda,EVERYDAY,False,INDIFFERENT,6:27,387,4hhA8keEih4,2025-03-31T16:50:47Z,gh-3852
Stranded On Earth,The Herbaliser,Same As It Never Was,False,INDIFFERENT,6:45,405,Z-XI771QSAo,2025-03-31T16:44:02Z,gh-3852
Pancakes,Emancipator,Baralku,False,INDIFFERENT,4:48,288,5_kYDIy5wEg,2025-03-31T16:39:14Z,gh-3852
Turtle Soup (Wagon Christ Mix),DJ Food,Turtle Soup (Wagon Christ Mix),False,INDIFFERENT,7:56,476,Vb_rvPIEZSk,2025-03-31T16:31:18Z,gh-3852
Get Your Feet Down (Divan Pan Disco Edit),Funky Destination,Soul Foolish Magic,False,INDIFFERENT,4:40,280,tXa4dVSu-EY,2025-03-31T16:26:38Z,gh-3852
Ruined Lands,Audiopharmacy,Spare Change,False,INDIFFERENT,4:35,275,prqNDmC2ONY,2025-03-31T16:22:03Z,gh-3852
Breather (Steve Miller Mix),Afterlife,The Very Best of Café del Mar Remixed,False,INDIFFERENT,5:16,316,t5Qy67mO9fY,2025-03-31T16:16:47Z,gh-3852
I JussWanna Chill (Chill Mix),OMA,OMA Chill Hip-Hop Instrumental Mix - Lofi Jazz Beats,False,INDIFFERENT,3:06,186,7XMyI8YSCgc,2025-03-31T16:13:41Z,gh-3852
Sea of Serenity,Orpheus,Visions,False,INDIFFERENT,3:12,192,wuG8HgoYcSA,2025-03-31T16:10:29Z,gh-3852
Nights Introlude (Radio Edit),Nightmares On Wax,Les Nuits,False,INDIFFERENT,3:41,221,q8di2mD5tXc,2025-03-31T16:06:48Z,gh-3852
Walk In The Sky (feat. Bajka),Bonobo,Days To Come,False,LIKE,4:35,275,tZPWqR9KUd8,2025-03-31T16:02:13Z,gh-3852
Even If You Don't,Ween,White Pepper,False,INDIFFERENT,3:26,206,W_V7A-NN3MI,2025-03-31T02:11:23Z,gh-3846
Bukowski,Modest Mouse,Good News For People Who Love Bad News,False,INDIFFERENT,4:15,255,m0VpdRYCv3s,2025-03-31T02:07:08Z,gh-3846
Chimes of Freedom,The Byrds,Mr. Tambourine Man,False,INDIFFERENT,3:52,232,zvBKeB44Qkw,2025-03-30T21:25:35Z,gh-3845
Turn! Turn! Turn!,The Byrds,The Byrds,False,INDIFFERENT,3:54,234,pkuBh5n_Shc,2025-03-30T21:21:41Z,gh-3845
Fat Man in the Bathtub (2023 Remaster),Little Feat,Dixie Chicken (Deluxe Edition),False,LIKE,4:33,273,f3DPIzTjU_8,2025-03-30T21:17:08Z,gh-3845
Stack-A-Lee,Dr. John,The Atco Albums Collection,False,INDIFFERENT,3:30,210,8l1H1aPxFiw,2025-03-30T21:13:38Z,gh-3845
Tight Rope,Leon Russell,Carney,False,LIKE,3:01,181,IWZBfyR1h6w,2025-03-30T21:10:37Z,gh-3845
Silver Dagger,Joan Baez,The Newport Era,False,INDIFFERENT,2:33,153,dOdIJ4g1qnY,2025-03-30T03:44:11Z,gh-3839
Rambler Gambler (Live),Joan Baez,Very Early Joan (Live),False,INDIFFERENT,2:06,126,MAoGY363eKA,2025-03-30T02:14:21Z,gh-3838
Where Have All The Flower,Joan Baez,Very Early Joan (Live),False,INDIFFERENT,4:32,272,mOtJt_1NnDc,2025-03-30T02:09:49Z,gh-3838
Pilgrim Of Sorrow,Joan Baez,Very Early Joan (Live),False,INDIFFERENT,4:29,269,fzBTwIdtxWk,2025-03-30T02:05:20Z,gh-3838
In The Pines,Joan Baez,Very Early Joan (Live),False,INDIFFERENT,3:32,212,z1IQvC6UJNI,2025-03-30T02:01:48Z,gh-3838
Little Darlin',Joan Baez,Very Early Joan (Live),False,INDIFFERENT,2:12,132,_5JadJKHnjo,2025-03-30T01:59:36Z,gh-3838
Railroad Bill,Joan Baez,Very Early Joan (Live),False,INDIFFERENT,2:11,131,jBylC5-KYjw,2025-03-30T01:57:25Z,gh-3838
Riddle Song (Live),"Joan Baez, Pete Seeger",Very Early Joan (Live),False,INDIFFERENT,3:49,229,a6rPCxFBA14,2025-03-30T01:53:36Z,gh-3838
Lonesome Valley,"Joan Baez, Pete Seeger",Very Early Joan (Live),False,INDIFFERENT,3:33,213,e9__TzDC5fc,2025-03-30T01:50:03Z,gh-3838
Johnny Cuckoo,Joan Baez,Very Early Joan (Live),False,INDIFFERENT,3:40,220,_HLsNCVM82k,2025-03-30T01:46:23Z,gh-3838
Lady Gay,Joan Baez,Very Early Joan (Live),False,INDIFFERENT,4:26,266,0jBsI_CFKIc,2025-03-30T01:41:57Z,gh-3838
Freight Train,Joan Baez,Very Early Joan (Live),False,INDIFFERENT,3:03,183,r2hDtrPs8wc,2025-03-30T01:38:54Z,gh-3838
Man Of Constant Sorrow,Joan Baez,Very Early Joan (Live),False,INDIFFERENT,3:31,211,3XZuGmLLOQw,2025-03-30T01:35:23Z,gh-3838
Silver Dagger,Joan Baez,The Newport Era,False,INDIFFERENT,2:33,153,dOdIJ4g1qnY,2025-03-30T01:32:50Z,gh-3838
Joan Baez - Diamonds and Rust (With Lyrics),"29M views, Dave Bing",,False,INDIFFERENT,4:47,287,1ST9TZBb9v8,2025-03-30T01:28:03Z,gh-3838
Planète Naine,Ivan the Tolerable,Le Monde Inversé,False,INDIFFERENT,3:26,206,a6a3FewH4zo,2025-03-29T11:25:41Z,gh-3837
Marécage,Ivan the Tolerable,Le Monde Inversé,False,INDIFFERENT,3:27,207,AOb90x0eY90,2025-03-29T11:22:14Z,gh-3837
Rosetta,Jens Buchert,Orbital Resort,False,INDIFFERENT,4:18,258,d_cAHEiuGx4,2025-03-29T11:17:56Z,gh-3837
Les Gémeaux,Ivan the Tolerable,Le Monde Inversé,False,INDIFFERENT,5:13,313,dZFEp7JhHpw,2025-03-29T11:12:43Z,gh-3837
Le Lac,Ivan the Tolerable,Le Monde Inversé,False,INDIFFERENT,3:21,201,lMolUzTU_Uw,2025-03-29T11:09:22Z,gh-3837
Le Croissant de Lune,Ivan the Tolerable,Le Monde Inversé,False,INDIFFERENT,7:25,445,DxWAxEzPRd8,2025-03-29T11:01:57Z,gh-3837
Voie Lactée,Ivan the Tolerable,Le Monde Inversé,False,INDIFFERENT,4:02,242,oeavOSUA5OM,2025-03-29T10:57:55Z,gh-3837
Le Campagne,Ivan the Tolerable,Le Monde Inversé,False,INDIFFERENT,3:24,204,-E3ZqDDiV1I,2025-03-29T10:54:31Z,gh-3837
Vallée,Ivan the Tolerable,Le Monde Inversé,False,INDIFFERENT,5:00,300,mHV_8JeFbgc,2025-03-29T10:49:31Z,gh-3837
Lever de Soleil,Ivan the Tolerable,Le Monde Inversé,False,INDIFFERENT,3:36,216,qbo-pIWaVWE,2025-03-29T10:45:55Z,gh-3837
Father And Son,Cat Stevens,The Very Best Of Cat Stevens,False,INDIFFERENT,3:41,221,7SLY4seJzh0,2025-03-29T18:35:26Z,gh-3836
Hard Headed Woman,Cat Stevens,The Very Best Of Cat Stevens,False,INDIFFERENT,3:48,228,jPeV80Noruk,2025-03-29T18:31:38Z,gh-3836
I Think I See The Light (Studio Demo),Cat Stevens,Harold And Maude (Original Motion Picture Soundtrack / Deluxe),False,INDIFFERENT,3:50,230,CuqRWNkPRpg,2025-03-29T18:27:48Z,gh-3836
Miles From Nowhere (Demo Version),Cat Stevens,Harold And Maude (Original Motion Picture Soundtrack / Deluxe),False,INDIFFERENT,3:15,195,QLE1iia4EDg,2025-03-29T18:24:33Z,gh-3836
"I Wish, I Wish (Studio Demo)",Cat Stevens,Harold And Maude (Original Motion Picture Soundtrack / Deluxe),False,INDIFFERENT,3:24,204,8blV6BWt8f0,2025-03-29T18:21:09Z,gh-3836
Don't Be Shy (Demo),Cat Stevens,Harold And Maude (Original Motion Picture Soundtrack / Deluxe),False,INDIFFERENT,2:42,162,lJJ2jmo4iKM,2025-03-29T18:18:27Z,gh-3836
"If You Want To Sing Out, Sing Out (Ending / From 'Harold And Maude' Original Motion Picture Soundtrack)",Cat Stevens,Harold And Maude (Original Motion Picture Soundtrack / Deluxe),False,INDIFFERENT,2:06,126,KGun4jqDGKo,2025-03-29T18:16:21Z,gh-3836
Morning Has Broken,Cat Stevens,Teaser And The Firecat,False,INDIFFERENT,3:20,200,qARB7XPfYjo,2025-03-29T18:13:01Z,gh-3836
I Want To Live In A Wigwam,Cat Stevens,On The Road To Find Out,False,INDIFFERENT,3:24,204,3gRsuBP55Pw,2025-03-29T18:09:37Z,gh-3836
Trouble,Cat Stevens,Harold And Maude (Original Motion Picture Soundtrack / Deluxe),False,INDIFFERENT,2:44,164,dWMW15mpFnI,2025-03-29T18:06:53Z,gh-3836
Dialogue 6 (Harold Loves Maude) (From 'Harold And Maude' Original Motion Picture Soundtrack),Cat Stevens,Harold And Maude (Original Motion Picture Soundtrack / Deluxe),False,INDIFFERENT,0:56,56,3I2fNBG27Yk,2025-03-29T18:05:57Z,gh-3836
"If You Want To Sing Out, Sing Out",Cat Stevens,Harold And Maude (Original Motion Picture Soundtrack / Deluxe),False,INDIFFERENT,2:43,163,4votWdbMuQI,2025-03-29T18:03:14Z,gh-3836
"If You Want To Sing Out, Sing Out (Ruth Gordon & Bud Cort Vocal Version / From 'Harold And Maude' Original Motion Picture Soundtrack)",Cat Stevens,Harold And Maude (Original Motion Picture Soundtrack / Deluxe),False,INDIFFERENT,1:44,104,iENnm9grFpI,2025-03-29T18:01:30Z,gh-3836
Dialogue 4 (Sunflower) (From 'Harold And Maude' Original Motion Picture Soundtrack),Cat Stevens,Harold And Maude (Original Motion Picture Soundtrack / Deluxe),False,INDIFFERENT,0:53,53,ZeiV-gQFRkA,2025-03-29T18:00:37Z,gh-3836
I Think I See The Light,Cat Stevens,Harold And Maude (Original Motion Picture Soundtrack / Deluxe),False,INDIFFERENT,3:55,235,QrL__gw_BnU,2025-03-29T17:56:42Z,gh-3836
Tea For The Tillerman,Cat Stevens,Harold And Maude (Original Motion Picture Soundtrack / Deluxe),False,INDIFFERENT,1:01,61,wkpkENqc0R4,2025-03-29T17:55:41Z,gh-3836
Miles From Nowhere,Cat Stevens,Harold And Maude (Original Motion Picture Soundtrack / Deluxe),False,INDIFFERENT,3:35,215,uDrlnVLdlu0,2025-03-29T17:52:06Z,gh-3836
Dialogue 2 (How Many Suicides) (From 'Harold And Maude' Original Motion Picture Soundtrack),Cat Stevens,Harold And Maude (Original Motion Picture Soundtrack / Deluxe),False,INDIFFERENT,0:30,30,J4QUeABa8s0,2025-03-29T17:51:36Z,gh-3836
Tchaikovsky's Concerto No. 1 in B (From 'Harold And Maude' Original Motion Picture Soundtrack),Harold And Maude Studio Orchestra,Harold And Maude (Original Motion Picture Soundtrack / Deluxe),False,INDIFFERENT,1:27,87,rl4yXS8eDzE,2025-03-29T17:50:09Z,gh-3836
"I Wish, I Wish",Cat Stevens,Harold And Maude (Original Motion Picture Soundtrack / Deluxe),False,INDIFFERENT,3:48,228,FWSLRRgTKd0,2025-03-29T17:46:21Z,gh-3836
On The Road To Find Out,Cat Stevens,Harold And Maude (Original Motion Picture Soundtrack / Deluxe),False,INDIFFERENT,5:07,307,xS4i4IJ1Pgo,2025-03-29T15:26:28Z,gh-3835
Dialogue 1 (I Go To Funerals) (From 'Harold And Maude' Original Motion Picture Soundtrack),Cat Stevens,Harold And Maude (Original Motion Picture Soundtrack / Deluxe),False,INDIFFERENT,0:24,24,pJ_NZGRYmQg,2025-03-29T15:26:04Z,gh-3835
Don't Be Shy,Cat Stevens,Harold And Maude (Original Motion Picture Soundtrack / Deluxe),False,INDIFFERENT,2:50,170,TyEgdgm3vBI,2025-03-29T15:23:14Z,gh-3835
Change Down,Bonobo,Dial 'M' for Monkey,False,INDIFFERENT,4:34,274,djdQzsn6N8w,2025-03-29T06:35:26Z,gh-3832
D Song,Bonobo,Dial 'M' for Monkey,False,INDIFFERENT,5:20,320,CKCIl2Gmn_w,2025-03-29T06:30:06Z,gh-3832
Flutter,Bonobo,Dial 'M' for Monkey,False,INDIFFERENT,4:45,285,JsQhTxckK8E,2025-03-29T03:37:39Z,gh-3831
Noctuary,Bonobo,Dial 'M' for Monkey,False,INDIFFERENT,5:23,323,rg3jtPLj66k,2025-03-29T03:32:16Z,gh-3831
Hatoa,Bonobo,Days To Come,False,INDIFFERENT,4:22,262,xy2Qywzpjms,2025-03-29T03:27:54Z,gh-3831
Walk In The Sky (Instrumental),Bonobo,Days To Come,False,INDIFFERENT,4:07,247,byevOem7QhI,2025-03-29T03:23:47Z,gh-3831
If You Stayed Over (Reprise),Bonobo,Days To Come,False,INDIFFERENT,1:45,105,xaBPcLgLeB8,2025-03-29T03:22:02Z,gh-3831
If You Stayed Over (Instrumental),Bonobo,Days To Come,False,INDIFFERENT,2:16,136,V89yXXlZMZ4,2025-03-29T03:19:46Z,gh-3831
Nightlite (Demo Version),Bonobo,Days To Come,False,INDIFFERENT,5:11,311,LmTal2rrbxI,2025-03-29T03:14:35Z,gh-3831
Between The Lines (Instrumental),Bonobo,Days To Come,False,INDIFFERENT,4:37,277,6fYwIl4sD0A,2025-03-29T03:09:58Z,gh-3831
Days To Come (Instrumental),Bonobo,Days To Come,False,INDIFFERENT,3:51,231,fZJiXB3dfh0,2025-03-29T03:06:07Z,gh-3831
Recurring,Bonobo,Days To Come,False,INDIFFERENT,5:04,304,7W2g4G9KRqo,2025-03-29T03:01:03Z,gh-3831
Walk In The Sky (feat. Bajka),Bonobo,Days To Come,False,LIKE,4:35,275,tZPWqR9KUd8,2025-03-29T02:56:28Z,gh-3831
Dune,Indira Paganotto,Kalima EP,False,INDIFFERENT,4:37,277,ROZ8BOPs8Fc,2025-03-29T02:51:51Z,gh-3831
Kalima,Indira Paganotto,Kalima EP,False,INDIFFERENT,3:56,236,S5csZLtAdm0,2025-03-29T02:47:55Z,gh-3831
Fluffhead,Phish,1994.06.11 SBD,,INDIFFERENT,13:35,815,-ko0Ldg3Mr8,2025-03-29T02:34:20Z,gh-3831
Antelope,Phish,1994.06.11 SBD,,INDIFFERENT,10:37,637,fKYH8hWjPys,2025-03-29T01:51:38Z,gh-3830
2001,Phish,1994.06.11 SBD,,INDIFFERENT,4:06,246,f_F5NYBh0SY,2025-03-29T01:47:32Z,gh-3830
Stash,Phish,1994.06.11 SBD,,INDIFFERENT,9:38,578,rBYEaqou82c,2025-03-29T01:37:54Z,gh-3830
Tela,Phish,1994.06.11 SBD,,INDIFFERENT,6:34,394,VpsvTErVzV8,2025-03-29T01:31:20Z,gh-3830
It's Ice,Phish,1994.06.11 SBD,,INDIFFERENT,8:12,492,7dKL_ioCTIk,2025-03-29T01:23:08Z,gh-3830
Down With Disease,Phish,1994.06.11 SBD,,INDIFFERENT,7:03,423,7q5QVZ_eMVo,2025-03-29T01:16:05Z,gh-3830
Rift,Phish,1994.06.11 SBD,,INDIFFERENT,5:43,343,E7eL3NEv3E0,2025-03-29T01:10:22Z,gh-3830
YEM,Phish,1994.06.11 SBD,,INDIFFERENT,19:59,1199,2N8qosVED9M,2025-03-29T00:50:23Z,gh-3830
Chalkdust Torture,Phish,1994.06.11 SBD,,INDIFFERENT,6:03,363,pgpuGTSxyrM,2025-03-29T00:44:20Z,gh-3830
Wilson,Phish,1994.06.11 SBD,,INDIFFERENT,4:31,271,WJLdvN-BTNw,2025-03-29T00:39:49Z,gh-3830
Fearless,Pink Floyd,Meddle,False,INDIFFERENT,6:09,369,t3J_2R9rAp8,2025-03-29T00:33:40Z,gh-3830
A Pillow Of Winds,Pink Floyd,Meddle,False,INDIFFERENT,5:13,313,uThZ1uuLLWM,2025-03-29T00:28:27Z,gh-3830
One Of These Days,Pink Floyd,Meddle,False,INDIFFERENT,5:56,356,48PJGVf4xqk,2025-03-29T00:22:31Z,gh-3830
Bike,Pink Floyd,Relics,False,INDIFFERENT,3:22,202,X4PAmOKAFlw,2025-03-29T00:19:09Z,gh-3830
Biding My Time,Pink Floyd,Relics,False,INDIFFERENT,5:19,319,gvCNJdUExts,2025-03-29T00:13:50Z,gh-3830
Corporal Clegg,Pink Floyd,A Saucerful of Secrets,False,INDIFFERENT,4:13,253,bVdIieS1HkY,2025-03-29T00:09:37Z,gh-3830
Black Diamond Bay,Bob Dylan,Desire,False,LIKE,7:29,449,WhENzrnToiU,2025-03-29T00:02:08Z,gh-3830
Alabama Song / Backdoor Man (live),The Doors,Critique 1969 (live),False,LIKE,6:07,367,edN9Rld1mRY,2025-03-28T23:56:01Z,gh-3830
"Alabama Song (Whisky Bar) (Live at Felt Forum, New York City, January 18, 1970 - Second Show)",The Doors,Live in New York,False,LIKE,2:01,121,WQJik2VCBnM,2025-03-28T23:54:00Z,gh-3830
Alabama Song (Whisky Bar) [Mono] (Mono; 2017 Remaster),The Doors,The Doors (50th Anniversary Deluxe Edition),False,INDIFFERENT,3:22,202,0rIjHY49rXk,2025-03-28T23:50:38Z,gh-3830
Alabama Song (Whisky Bar) (Live at the Matrix),The Doors,Strange Nights of Stone,False,INDIFFERENT,3:16,196,-E_F7lHoW68,2025-03-28T23:47:22Z,gh-3830
Alabama Song (Whisky Bar),The Doors,The Doors,False,LIKE,3:18,198,nbtEkZIvMAg,2025-03-28T23:44:04Z,gh-3830
Thanks,"Rob Ickes & Trey Hensley, Trey Hensley",Living In A Song,False,INDIFFERENT,3:11,191,5DvwLpEf6Is,2025-03-28T23:40:53Z,gh-3830
I Thought I Saw A Carpenter,"Rob Ickes & Trey Hensley, Trey Hensley",Living In A Song,False,INDIFFERENT,4:30,270,dLG1kY49i_U,2025-03-28T23:36:23Z,gh-3830
Louisiana Woman,"Rob Ickes & Trey Hensley, Trey Hensley",Living In A Song,False,INDIFFERENT,2:51,171,D1ZMmc0o1Lc,2025-03-28T23:33:32Z,gh-3830
Is The World Still Turning,"Rob Ickes & Trey Hensley, Trey Hensley",Living In A Song,False,INDIFFERENT,3:32,212,PsQr-bl2XaE,2025-03-28T23:30:00Z,gh-3830
Peace Frog/Blue Sunday (Take 4) [2020 Remaster],The Doors,Morrison Hotel (50th Anniversary Deluxe Edition),False,LIKE,5:43,343,hvqTnMZxfKM,2025-03-28T23:24:17Z,gh-3830
Tight Rope,Leon Russell,Carney,False,LIKE,3:01,181,IWZBfyR1h6w,2025-03-28T23:21:16Z,gh-3830
I'm Working On A Building,"Rob Ickes & Trey Hensley, Trey Hensley",Living In A Song,False,INDIFFERENT,4:31,271,V0TkaA1Mf6Q,2025-03-28T23:16:45Z,gh-3830
Just Because,"Rob Ickes & Trey Hensley, Trey Hensley",Living In A Song,False,INDIFFERENT,3:23,203,m36e0RLVgqQ,2025-03-28T23:13:22Z,gh-3830
Moonshine Run,"Rob Ickes & Trey Hensley, Trey Hensley",Living In A Song,False,INDIFFERENT,2:48,168,I6eVy8_yUCY,2025-03-28T23:10:34Z,gh-3830
I've Given All That I Can Take,"Rob Ickes & Trey Hensley, Trey Hensley",Living In A Song,False,INDIFFERENT,3:13,193,sjn5sKtbQnU,2025-03-28T23:07:21Z,gh-3830
Way Downtown,"Rob Ickes & Trey Hensley, Trey Hensley",Living In A Song,False,INDIFFERENT,3:13,193,xdsxASDrFzs,2025-03-28T23:04:08Z,gh-3830
Deeper Than A Dirt Road,"Rob Ickes & Trey Hensley, Trey Hensley",Living In A Song,False,INDIFFERENT,3:20,200,YenVGnsO7DI,2025-03-28T23:00:48Z,gh-3830
Georgia on a Fast Train,"Rob Ickes & Trey Hensley, Trey Hensley",Before the Sun Goes Down,False,INDIFFERENT,3:01,181,tqF_PixCO2A,2025-03-28T22:57:47Z,gh-3830
Brown Eyed Women (feat. Vince Gill),"Rob Ickes & Trey Hensley, Trey Hensley",World Full of Blues,False,INDIFFERENT,4:01,241,ah_WCscZFzE,2025-03-28T22:53:46Z,gh-3830
Trey Hensley - “Blue Virginia Blues”,"24K views, Trey Hensley",,False,INDIFFERENT,3:49,229,TbkEutxmobM,2025-03-28T22:49:57Z,gh-3830
Tight Rope,"534K views, Leon Russell",,False,INDIFFERENT,2:56,176,Qvep3Vsv_uQ,2025-03-28T22:47:01Z,gh-3830
"The Band of Heathens feat. Grahame Lesh ""Tight Rope"" (Leon Russell)","2.6K views, The Band of Heathens",,False,LIKE,3:46,226,AEgBfr_uXUo,2025-03-28T22:43:15Z,gh-3830
"Trey Hensley - ""Tight Rope"" (Leon Russell cover)","6K views, Trey Hensley",,False,LIKE,3:30,210,xF1M5InKXeA,2025-03-28T22:39:45Z,gh-3830
Tightrope,Michelle Williams,The Greatest Showman (Original Motion Picture Soundtrack),False,INDIFFERENT,3:55,235,rKtsx8RjuxY,2025-03-28T22:35:50Z,gh-3830
Sunchaser,Arc De Soleil,Dunes of Djoser,False,INDIFFERENT,3:35,215,MbKWIvoaKJo,2025-03-28T22:32:15Z,gh-3830
Dunes of Djoser,Arc De Soleil,Dunes of Djoser,False,INDIFFERENT,2:56,176,ViK7rIVhKUc,2025-03-28T22:29:19Z,gh-3830
Beware Of Darkness,Leon Russell,Leon Russell And The Shelter People (Expanded Edition),False,INDIFFERENT,4:45,285,aI7Y5Whjfe8,2025-03-28T21:25:39Z,gh-3829
Sweet Emily,Leon Russell,Leon Russell And The Shelter People (Expanded Edition),False,INDIFFERENT,3:23,203,67ZXQlVfvQQ,2025-03-28T21:22:16Z,gh-3829
She Smiles Like A River,Leon Russell,Leon Russell And The Shelter People (Expanded Edition),False,INDIFFERENT,3:00,180,2c_dSAdDT0c,2025-03-28T21:19:16Z,gh-3829
"It Takes A Lot To Laugh, It Takes A Train To Cry",Leon Russell,Leon Russell And The Shelter People (Expanded Edition),False,INDIFFERENT,4:04,244,sLgb-g4jvj8,2025-03-28T21:15:12Z,gh-3829
Of Thee I Sing,Leon Russell,Leon Russell And The Shelter People (Expanded Edition),False,LIKE,4:24,264,8d15gpdX8LQ,2025-03-28T21:10:48Z,gh-3829
Midnight Rider,The Allman Brothers Band,Idlewild South (Deluxe Edition Remastered),False,INDIFFERENT,3:01,181,O6Q40nZRRco,2025-03-28T21:07:47Z,gh-3829
"Wash, Mama, Wash",Dr. John,Remedies,False,INDIFFERENT,3:43,223,Chsot4mCrLw,2025-03-28T21:04:04Z,gh-3829
Magic Mirror,Leon Russell,Carney,False,INDIFFERENT,4:57,297,UeB6o7Ej2Es,2025-03-28T20:59:07Z,gh-3829
This Masquerade,Leon Russell,Carney,False,INDIFFERENT,4:26,266,oy_-_JgXA1A,2025-03-28T20:54:41Z,gh-3829
My Cricket,Leon Russell,Carney,False,INDIFFERENT,2:56,176,aF8hfHe3Duw,2025-03-28T20:51:45Z,gh-3829
If The Shoe Fits,Leon Russell,Carney,False,LIKE,2:23,143,gznJJxmie9M,2025-03-28T20:49:22Z,gh-3829
Acid Annapolis,Leon Russell,Carney,False,INDIFFERENT,2:48,168,1JKbOr0i_us,2025-03-28T20:46:34Z,gh-3829
Carney,Leon Russell,Carney,False,INDIFFERENT,0:48,48,V5ZxkAdkY_4,2025-03-28T20:45:46Z,gh-3829
Roller Derby,Leon Russell,Carney,False,INDIFFERENT,2:26,146,Zn1gbrVti6Y,2025-03-28T20:43:20Z,gh-3829
Cajun Love Song,Leon Russell,Carney,False,INDIFFERENT,3:10,190,P8xjZwM9ZrA,2025-03-28T20:40:10Z,gh-3829
Manhattan Island Serenade,Leon Russell,Carney,False,INDIFFERENT,3:26,206,ytZkLzi-0W8,2025-03-28T20:36:44Z,gh-3829
Me And Baby Jane,Leon Russell,Carney,False,INDIFFERENT,3:53,233,P1uEiS4Ua2w,2025-03-28T20:32:51Z,gh-3829
Out In The Woods,Leon Russell,Carney,False,INDIFFERENT,3:38,218,RW62LP9a5Yc,2025-03-28T20:29:13Z,gh-3829
Tight Rope,Leon Russell,Carney,False,LIKE,3:01,181,IWZBfyR1h6w,2025-03-28T20:26:12Z,gh-3829
Favorite Son,Satellite Friend,Favorite Son,False,LIKE,4:23,263,Go0wsC-rRIo,2025-03-27T02:03:03Z,gh-3814
Nicola Cruz Boiler Room Tulum x Comunite Live Set,"13M views, Boiler Room",,False,LIKE,50:34,3034,BcJCNLgEsHs,2025-03-24T17:52:11Z,gh-3796
Anti-Hero,Taylor Swift,Midnights,False,INDIFFERENT,3:21,201,gGwN25z7FrE,2025-03-24T02:08:03Z,gh-3790
the last great american dynasty,Taylor Swift,folklore,False,INDIFFERENT,3:51,231,OIlR5mOc9_s,2025-03-21T18:37:42Z,gh-3772
Creep,Radiohead,Pablo Honey,False,LIKE,3:59,239,zFYEYRcjK2g,2025-03-21T18:33:43Z,gh-3772
thanK you aIMee,Taylor Swift,THE TORTURED POETS DEPARTMENT: THE ANTHOLOGY,False,INDIFFERENT,4:24,264,grbVHCV4yYc,2025-03-21T18:29:19Z,gh-3772
Everybody's a Somebody,Golden Shoals,Everybody's a Somebody,False,LIKE,2:52,172,RSGEInxNQoM,2025-03-21T18:26:27Z,gh-3772
BIRDS OF A FEATHER,Billie Eilish,HIT ME HARD AND SOFT,False,INDIFFERENT,3:31,211,WKZO-CWeOVA,2025-03-21T18:22:56Z,gh-3772
Red Wine Supernova,Chappell Roan,The Rise and Fall of a Midwest Princess,False,INDIFFERENT,3:13,193,KSbwHJMPq8w,2025-03-21T18:19:43Z,gh-3772
Pumped Up Kicks,Foster The People,Torches,False,INDIFFERENT,4:00,240,rnO-MflYxCw,2025-03-21T18:15:43Z,gh-3772
Howling At Nothing,Nathaniel Rateliff & The Night Sweats,Nathaniel Rateliff & The Night Sweats,False,INDIFFERENT,3:10,190,oJs3pGARtMw,2025-03-21T18:12:33Z,gh-3772
Bam Bam,Sister Nancy,One Two,False,INDIFFERENT,3:17,197,BGM0v44Yszk,2025-03-21T18:09:16Z,gh-3772
The Giver,Chappell Roan,The Giver,False,INDIFFERENT,3:23,203,EbHFi68E78k,2025-03-21T18:05:53Z,gh-3772
Lonesome Drifter,Charley Crockett,Lonesome Drifter,False,INDIFFERENT,3:03,183,MftC0rNdz8M,2025-03-21T18:02:50Z,gh-3772
That's What My Heart Needs,Otis Redding,Pain in My Heart,False,INDIFFERENT,2:42,162,5FYF3A5dWlg,2025-03-21T18:00:08Z,gh-3772
Espresso,Sabrina Carpenter,Short n' Sweet,False,INDIFFERENT,2:56,176,kIft-LUHHVA,2025-03-21T17:57:12Z,gh-3772
Pink Pony Club,Chappell Roan,The Rise and Fall of a Midwest Princess,False,INDIFFERENT,4:19,259,R_iTpfSCIVk,2025-03-21T17:52:53Z,gh-3772
You Left the Water Running,Dan Penn,The Fame Recordings,False,LIKE,2:20,140,43wJ0o2iFNA,2025-03-21T17:50:33Z,gh-3772
Please Please Please,Sabrina Carpenter,Short n' Sweet,False,INDIFFERENT,3:07,187,62yox0F5lcA,2025-03-21T17:47:26Z,gh-3772
I Think I See The Light,Cat Stevens,Harold And Maude (Original Motion Picture Soundtrack / Deluxe),False,INDIFFERENT,3:55,235,QrL__gw_BnU,2025-03-21T02:04:41Z,gh-3766
Tea For The Tillerman,Cat Stevens,Harold And Maude (Original Motion Picture Soundtrack / Deluxe),False,INDIFFERENT,1:01,61,wkpkENqc0R4,2025-03-21T02:03:40Z,gh-3766
Miles From Nowhere,Cat Stevens,Harold And Maude (Original Motion Picture Soundtrack / Deluxe),False,INDIFFERENT,3:35,215,uDrlnVLdlu0,2025-03-21T02:00:05Z,gh-3766
Tchaikovsky's Concerto No. 1 in B (From 'Harold And Maude' Original Motion Picture Soundtrack),Harold And Maude Studio Orchestra,Harold And Maude (Original Motion Picture Soundtrack / Deluxe),False,INDIFFERENT,1:27,87,rl4yXS8eDzE,2025-03-21T01:58:38Z,gh-3766
"I Wish, I Wish",Cat Stevens,Harold And Maude (Original Motion Picture Soundtrack / Deluxe),False,INDIFFERENT,3:48,228,FWSLRRgTKd0,2025-03-21T01:54:50Z,gh-3766
On The Road To Find Out,Cat Stevens,Harold And Maude (Original Motion Picture Soundtrack / Deluxe),False,INDIFFERENT,5:07,307,xS4i4IJ1Pgo,2025-03-21T01:49:43Z,gh-3766
Don't Be Shy,Cat Stevens,Harold And Maude (Original Motion Picture Soundtrack / Deluxe),False,INDIFFERENT,2:50,170,TyEgdgm3vBI,2025-03-21T01:46:53Z,gh-3766
Miles From Nowhere,Cat Stevens,Tea For The Tillerman,False,INDIFFERENT,3:37,217,HAEYFb7m8qM,2025-03-21T01:43:16Z,gh-3766
One Day,Foxy Shazam,Dark Blue Night,False,INDIFFERENT,4:16,256,-oKqafsXU2I,2025-03-21T01:39:00Z,gh-3766
The Forbidden Kind,Foxy Shazam,Dark Blue Night,False,INDIFFERENT,3:54,234,CLq5dgfaVsU,2025-03-21T01:35:06Z,gh-3766
The World At Large,Modest Mouse,Good News For People Who Love Bad News,False,INDIFFERENT,4:33,273,FIJKJdsAszw,2025-03-21T01:30:33Z,gh-3766
The Giver,Chappell Roan,The Giver,False,INDIFFERENT,3:23,203,EbHFi68E78k,2025-03-21T01:27:10Z,gh-3766
Nothing Matters,The Last Dinner Party,Prelude to Ecstasy,False,INDIFFERENT,3:03,183,mF21WMaG92E,2025-03-21T01:24:07Z,gh-3766
I Want To Break Free,Queen,The Works (Deluxe Remastered Version),False,INDIFFERENT,4:19,259,GfeklykTLcE,2025-03-21T01:19:48Z,gh-3766
I Can Change For You,Foxy Shazam,Dark Blue Night,False,INDIFFERENT,4:04,244,6Iian7Lkyyw,2025-03-21T01:15:44Z,gh-3766
Evil Thoughts,Foxy Shazam,Foxy Shazam,False,INDIFFERENT,4:18,258,jsNxmSLFDak,2025-03-21T01:11:26Z,gh-3766
Que' Onda Guero,Beck,Guero,False,INDIFFERENT,3:30,210,fVW35uuMYTY,2025-03-21T01:07:56Z,gh-3766
Joseph,Foxy Shazam,Animality Opera,False,INDIFFERENT,4:20,260,P0ekCnfF1sA,2025-03-21T01:03:36Z,gh-3766
Uncreated,Foxy Shazam,Animality Opera,False,INDIFFERENT,4:32,272,t0hG8v6PB94,2025-03-21T00:59:04Z,gh-3766
Jack Tar,Foxy Shazam,Animality Opera,False,INDIFFERENT,3:20,200,VfxkJXOZD8I,2025-03-21T00:55:44Z,gh-3766
Empire Of The Vampire,Foxy Shazam,Animality Opera,False,INDIFFERENT,3:08,188,Vh7hYnJbF_Q,2025-03-21T00:52:36Z,gh-3766
You Don't Judge The Birds,Foxy Shazam,Animality Opera,False,INDIFFERENT,3:01,181,-GvHNrdWsag,2025-03-21T00:49:35Z,gh-3766
Treacherous Pursuit,Foxy Shazam,Animality Opera,False,INDIFFERENT,2:53,173,V2eu2-PjFuc,2025-03-21T00:46:42Z,gh-3766
Karaoke Pain,Foxy Shazam,Animality Opera,False,INDIFFERENT,3:37,217,98fhIB0dJPU,2025-03-21T00:43:05Z,gh-3766
King Of Animality,Foxy Shazam,Animality Opera,False,INDIFFERENT,2:25,145,ZcT-CxhjaiM,2025-03-21T00:40:40Z,gh-3766
Dragonfly Chase,Foxy Shazam,Animality Opera,False,INDIFFERENT,2:27,147,UFOq__MbEig,2025-03-21T00:38:13Z,gh-3766
Pink Sky,Foxy Shazam,Animality Opera,False,INDIFFERENT,3:42,222,uJCHYhpzOrw,2025-03-21T00:34:31Z,gh-3766
Rhumbatorium,Foxy Shazam,Animality Opera,False,INDIFFERENT,3:24,204,uh4pgjmNrlk,2025-03-21T00:31:07Z,gh-3766
Bittersweet Cherries,Foxy Shazam,Dark Blue Night,False,INDIFFERENT,4:57,297,-TS8mb30i6Y,2025-03-21T00:26:10Z,gh-3766
"The Other One (Live at Madison Square Garden, New York, NY 3/9/81)",Grateful Dead,"Madison Square Garden, New York, NY 3/9/81 (Live)",False,INDIFFERENT,7:48,468,8dyfRp7Iv3s,2025-03-20T18:33:32Z,gh-3764
"Drums (Live at Madison Square Garden, New York, NY 3/9/81)",Grateful Dead,"Madison Square Garden, New York, NY 3/9/81 (Live)",False,INDIFFERENT,10:33,633,QzBKT9jAGn4,2025-03-20T18:22:59Z,gh-3764
"Uncle John's Band (Live at Madison Square Garden, New York, NY 3/9/81)",Grateful Dead,"Madison Square Garden, New York, NY 3/9/81 (Live)",False,INDIFFERENT,11:46,706,jjKnHv2QMoQ,2025-03-20T18:11:13Z,gh-3764
"Estimated Prophet (Live at Madison Square Garden, New York, NY 3/9/81)",Grateful Dead,"Madison Square Garden, New York, NY 3/9/81 (Live)",False,INDIFFERENT,13:51,831,RyXd4YAqtJQ,2025-03-20T17:57:22Z,gh-3764
"Ship of Fools (Live at Madison Square Garden, New York, NY 3/9/81)",Grateful Dead,"Madison Square Garden, New York, NY 3/9/81 (Live)",False,INDIFFERENT,8:57,537,92Hcu4NCgIE,2025-03-20T17:48:25Z,gh-3764
"Samson and Delilah (Live at Madison Square Garden, New York, NY 3/9/81)",Grateful Dead,"Madison Square Garden, New York, NY 3/9/81 (Live)",False,INDIFFERENT,7:33,453,uq-2lmG3ngo,2025-03-20T17:40:52Z,gh-3764
"I Know You Rider (Live at Madison Square Garden, New York, NY 3/9/81)",Grateful Dead,"Madison Square Garden, New York, NY 3/9/81 (Live)",False,INDIFFERENT,6:11,371,NP1wIpLxL8Q,2025-03-20T17:34:41Z,gh-3764
"China Cat Sunflower (Live at Madison Square Garden, New York, NY 3/9/81)",Grateful Dead,"Madison Square Garden, New York, NY 3/9/81 (Live)",False,INDIFFERENT,9:34,574,Be_xNb-oOyY,2025-03-20T17:25:07Z,gh-3764
"New Minglewood Blues (Live at Madison Square Garden, New York, NY 3/9/81)",Grateful Dead,"Madison Square Garden, New York, NY 3/9/81 (Live)",False,INDIFFERENT,7:02,422,KylP8XmSu-g,2025-03-20T17:18:05Z,gh-3764
"Bird Song (Live at Madison Square Garden, New York, NY 3/9/81)",Grateful Dead,"Madison Square Garden, New York, NY 3/9/81 (Live)",False,INDIFFERENT,11:16,676,LSIrEfQrVn4,2025-03-20T17:06:49Z,gh-3764
"Beat It on Down the Line (Live at Madison Square Garden, New York, NY 3/9/81)",Grateful Dead,"Madison Square Garden, New York, NY 3/9/81 (Live)",False,INDIFFERENT,3:58,238,QWGWgo8MOfg,2025-03-20T17:02:51Z,gh-3764
"Deep Elem Blues (Live at Madison Square Garden, New York, NY 3/9/81)",Grateful Dead,"Madison Square Garden, New York, NY 3/9/81 (Live)",False,INDIFFERENT,7:04,424,VpGVP04vb28,2025-03-20T16:55:47Z,gh-3764
"El Paso (Live at Madison Square Garden, New York, NY 3/9/81)",Grateful Dead,"Madison Square Garden, New York, NY 3/9/81 (Live)",False,INDIFFERENT,5:31,331,txW85VEfmNI,2025-03-20T16:50:16Z,gh-3764
"Ramble on Rose (Live at Madison Square Garden, New York, NY 3/9/81)",Grateful Dead,"Madison Square Garden, New York, NY 3/9/81 (Live)",False,INDIFFERENT,7:42,462,KGQ79bWolm0,2025-03-20T16:42:34Z,gh-3764
California Sober (feat. Willie Nelson),Billy Strings,California Sober,False,LIKE,3:51,231,AmxvLgvc8IE,2025-03-20T01:58:01Z,gh-3758
Amarillo Highway (for Dave Hickey),Terry Allen,Lubbock (on everything),False,LIKE,4:01,241,j0yS6Jc-vw0,2025-03-20T01:54:00Z,gh-3758
Faster Horses (The Cowboy And The Poet),Tom T. Hall,"Tom T. Hall - Storyteller, Poet, Philosopher",False,INDIFFERENT,2:53,173,UD8ytadaNI8,2025-03-20T01:51:07Z,gh-3758
Tulsa Time,Don Williams,Expressions,False,INDIFFERENT,3:16,196,2bHVYvRMm9Q,2025-03-20T01:47:51Z,gh-3758
Lost Highway,Hank Williams,Health & Happiness Shows,False,INDIFFERENT,3:24,204,92dezZCxer8,2025-03-20T01:44:27Z,gh-3758
Southern Nights,Glen Campbell,Southern Nights,False,LIKE,3:01,181,X6-sU7pVJ3k,2025-03-20T01:41:26Z,gh-3758
Gator,Jerry Reed,Both Barrels,False,LIKE,2:58,178,fty3aTMWbWc,2025-03-20T01:38:28Z,gh-3758
Black Sedan,Charley Crockett,The Man from Waco,False,INDIFFERENT,3:25,205,4Y9RolTqiuM,2025-03-20T01:35:03Z,gh-3758
Ramblin' Fever,Merle Haggard,Ramblin' Fever,False,INDIFFERENT,3:12,192,Wvd6jNsdMZI,2025-03-20T01:31:51Z,gh-3758
Y'all Come Back Saloon,The Oak Ridge Boys,Y'all Come Back Saloon,False,LIKE,2:56,176,sH_4dSOXj90,2025-03-20T01:28:55Z,gh-3758
There Ain't No Good Chain Gang,Johnny Cash,The Legend,False,INDIFFERENT,3:17,197,A2z6i54d7m4,2025-03-20T01:25:38Z,gh-3758
Honky Tonk Heroes,Waylon Jennings,Honky Tonk Heroes,False,INDIFFERENT,3:36,216,SRJhsYf-jok,2025-03-20T01:22:02Z,gh-3758
"Lonesome, On'ry and Mean",Waylon Jennings,"Lonesome, On'ry & Mean (Expanded Edition)",False,INDIFFERENT,3:41,221,U0PjacHLI9Y,2025-03-20T01:18:21Z,gh-3758
"Story of Isaac (feat. Andrew Marlin, Noam Pikelny, Chris Eldridge & Alex Hargreaves)",Mighty Poplar,Mighty Poplar,False,INDIFFERENT,6:21,381,2cydfPSto7c,2025-03-20T01:12:00Z,gh-3758
"Kicking Up the Devil on a Holiday / Dr. Hecock's Jig (feat. Andrew Marlin, Noam Pikelny, Chris Eldridge & Alex Hargreaves)",Mighty Poplar,Mighty Poplar,False,INDIFFERENT,5:51,351,FUpVDX-BpMs,2025-03-20T01:06:09Z,gh-3758
"Let Him Go on Mama (feat. Andrew Marlin, Noam Pikelny, Chris Eldridge & Alex Hargreaves)",Mighty Poplar,Mighty Poplar,False,INDIFFERENT,4:10,250,9CLcIOv4MtY,2025-03-20T01:01:59Z,gh-3758
"Little Joe (feat. Andrew Marlin, Noam Pikelny, Chris Eldridge & Alex Hargreaves)",Mighty Poplar,Mighty Poplar,False,LIKE,3:04,184,xQ-kxkDP8H0,2025-03-20T00:58:55Z,gh-3758
"Up on the Divide (feat. Andrew Marlin, Noam Pikelny, Chris Eldridge & Alex Hargreaves)",Mighty Poplar,Mighty Poplar,False,INDIFFERENT,3:21,201,N1rC1veHA_s,2025-03-20T00:55:34Z,gh-3758
"A Distant Land to Roam (feat. Andrew Marlin, Noam Pikelny, Chris Eldridge & Alex Hargreaves)",Mighty Poplar,Mighty Poplar,False,INDIFFERENT,2:34,154,YaC4M0M0hM4,2025-03-20T00:53:00Z,gh-3758
Gentle On My Mind,John Hartford,RCA Country Legends: John Hartford,False,INDIFFERENT,3:03,183,7AMJe4TwH8E,2025-03-20T00:49:57Z,gh-3758
Whiskey In The Jar (Master Takes),"David Grisman, Jerry Garcia","Bare Bones, Vol. 1: The Duo Recordings (Master Takes)",False,INDIFFERENT,4:22,262,6VedBW4fAiw,2025-03-20T00:45:35Z,gh-3758
Mean Mother Blues,The Seldom Scene with John Starling,Long Time... Seldom Scene,False,LIKE,3:08,188,UKy_Q-SvPHQ,2025-03-20T00:42:27Z,gh-3758
Two One Six,Shades,Two One Six,False,INDIFFERENT,3:26,206,ymc8Thfom_4,2025-03-20T00:39:01Z,gh-3758
Moon Waltz,MeSo,Moon Waltz,False,INDIFFERENT,4:31,271,GZ57KgdicLc,2025-03-20T00:34:30Z,gh-3758
Get to You,Saint Sinner,Get to You,False,INDIFFERENT,4:02,242,vXpzw2AoRjY,2025-03-20T00:30:28Z,gh-3758
Velasquez,Trail,Velasquez,False,INDIFFERENT,4:28,268,_Q9w7pEltTY,2025-03-20T00:26:00Z,gh-3758
Bare Your Soul,COPYCATT,"Powered by Inspected, Vol. 3",False,INDIFFERENT,2:41,161,RU2CrIHkw54,2025-03-20T00:23:19Z,gh-3758
Kodachrome,Paul Simon,There Goes Rhymin' Simon,False,LIKE,3:36,216,JD6Zq505pnM,2025-03-19T21:27:59Z,gh-3757
50 Ways to Leave Your Lover,Paul Simon,Still Crazy After All These Years,False,INDIFFERENT,3:38,218,B1V1varByWI,2025-03-19T18:39:06Z,gh-3756
Rocky Raccoon (Remastered 2009),The Beatles,The Beatles,False,INDIFFERENT,3:34,214,sDcDCZGcZj8,2025-03-19T18:35:32Z,gh-3756
Up On Cripple Creek,The Band,The Band,False,INDIFFERENT,4:31,271,zFFGkDmjRlo,2025-03-19T18:31:01Z,gh-3756
Like a Rolling Stone (Take 4 Remake),Bob Dylan,"The Cutting Edge 1965-1966: The Bootleg Series, Vol.12 (Deluxe Edition)",False,INDIFFERENT,6:27,387,QSt0is5bSas,2025-03-19T18:24:34Z,gh-3756
Dupree's Diamond Blues,Grateful Dead,Aoxomoxoa,False,INDIFFERENT,3:35,215,YK3f4SwNCTk,2025-03-19T18:20:59Z,gh-3756
Dixie Chicken (2023 Remaster),Little Feat,Dixie Chicken (Deluxe Edition),False,INDIFFERENT,3:56,236,G7oCEnBSpRM,2025-03-19T18:17:03Z,gh-3756
Right Place Wrong Time,Dr. John,In The Right Place,False,INDIFFERENT,2:56,176,zw-2CTx4YgY,2025-03-19T18:14:07Z,gh-3756
One Toke Over the Line,Brewer & Shipley,Tarkio Road,False,LIKE,3:20,200,OF3EUFnafp8,2025-03-19T18:10:47Z,gh-3756
Good Morning Mr Shmink,Lettuce,Resonate,False,INDIFFERENT,5:00,300,zy0TbTKazt4,2025-03-18T19:47:42Z,gh-3752
Confessionals,Ivan the Tolerable,Nocturnes,False,INDIFFERENT,3:59,239,CviwXuws7xA,2025-03-18T19:43:43Z,gh-3752
Big Time Nothing,St. Vincent,All Born Screaming,False,INDIFFERENT,2:59,179,3Fxa5RLBEMY,2025-03-19T02:00:05Z,gh-3750
The Antidote,St. Vincent,The Twilight Saga: Breaking Dawn - Part 2 (Original Motion Picture Soundtrack),False,INDIFFERENT,3:40,220,L9RlqEn18dg,2025-03-19T01:56:25Z,gh-3750
Digital Witness,St. Vincent,St. Vincent (Deluxe Edition),False,INDIFFERENT,3:22,202,filVPlpbZxM,2025-03-19T01:53:03Z,gh-3750
You Don't Mess Around with Jim,Jim Croce,You Don't Mess Around With Jim,False,LIKE,3:03,183,VRIHW-aQl-k,2025-03-18T21:27:27Z,gh-3749
Late in the Evening,Paul Simon,One-Trick Pony,False,INDIFFERENT,4:03,243,fKWW4ll0YzI,2025-03-18T21:23:24Z,gh-3749
Kodachrome,Paul Simon,There Goes Rhymin' Simon,False,LIKE,3:36,216,JD6Zq505pnM,2025-03-18T21:19:48Z,gh-3749
Ripple,Grateful Dead,What a Long Strange Trip It's Been: The Best of the Grateful Dead,False,INDIFFERENT,4:11,251,TEp6TSPQP48,2025-03-18T11:11:57Z,gh-3749
Victoria (Stereo Mix),The Kinks,Arthur (Deluxe Edition),False,INDIFFERENT,3:41,221,lVck2nuFUsg,2025-03-18T11:08:16Z,gh-3749
Go To The Mirror!,The Who,Tommy,False,LIKE,3:48,228,pFBt8DDbBT4,2025-03-18T11:04:28Z,gh-3749
In This Moment,Hazy,In This Moment,False,INDIFFERENT,6:20,380,VjayaU7Ea00,2025-03-18T18:36:18Z,gh-3748
Erde,Still Harbours,Armature,False,INDIFFERENT,6:00,360,lQOrqOMzbo0,2025-03-18T18:30:18Z,gh-3748
Anhelo,Warmth,Mourning Ghost,False,INDIFFERENT,4:27,267,uh_Y_X4P1vM,2025-03-18T18:25:51Z,gh-3748
A Thousand Winters,aindulmedir,Star Lore,False,INDIFFERENT,5:54,354,S1eJgYHCWCc,2025-03-18T18:19:57Z,gh-3748
Good Vibrations,Hot Like Mars,Good Vibrations,False,INDIFFERENT,4:12,252,OYW9JhV5To0,2025-03-18T18:15:45Z,gh-3748
Mysterium,Hammock,Mysterium,False,INDIFFERENT,7:12,432,Pe5Q9xN63nk,2025-03-18T18:08:33Z,gh-3748
Shining from Within,"Relaxation, Self Care Meditation, Stress Relief Helper",Beneath the Surface,False,INDIFFERENT,2:22,142,gndT8Jaq004,2025-03-18T18:06:11Z,gh-3748
Sars Requiem,Tim Hecker,Shards,False,INDIFFERENT,3:14,194,6p7SF2ePSZc,2025-03-18T18:02:57Z,gh-3748
Apreludes (In C Sharp Major),Stars of the Lid,And Their Refinement of the Decline,False,INDIFFERENT,3:45,225,2PfcvfUgXEk,2025-03-18T17:59:12Z,gh-3748
Solstice Moon (Drone Edit),Spacecraft,Solstice Moon (Drone Edit),False,INDIFFERENT,3:43,223,ro8wj7WfTxI,2025-03-18T17:55:29Z,gh-3748
Silverlight,Helios,Veriditas,False,INDIFFERENT,3:10,190,M0SrvBo_qcE,2025-03-18T17:52:19Z,gh-3748
#20,Aphex Twin,Selected Ambient Works Volume II,False,INDIFFERENT,4:16,256,cCD8uT9C90M,2025-03-18T17:48:03Z,gh-3748
Kamouraska,Loscil,Umbel,False,INDIFFERENT,6:35,395,mGvuBRAFKC8,2025-03-18T17:41:28Z,gh-3748
Sienna,Loscil & Lawrence English,Chroma,False,INDIFFERENT,5:34,334,-ZC8o6rIcwk,2025-03-18T17:35:54Z,gh-3748
My Back Pages,The Byrds,Younger Than Yesterday,False,INDIFFERENT,3:09,189,OADlrLHfYW4,2025-03-17T15:31:59Z,gh-3739
Go Your Own Way (Live 1977),Fleetwood Mac,Rumours (Super Deluxe),False,INDIFFERENT,4:55,295,N_Jqmz_zKWw,2025-03-17T15:27:04Z,gh-3739
The Real Me,The Who,Quadrophenia (Super Deluxe Edition),False,INDIFFERENT,3:21,201,6y1c3xllo8c,2025-03-17T12:54:33Z,gh-3738
Highway Chile,The Jimi Hendrix Experience,Are You Experienced,False,INDIFFERENT,3:33,213,KR13r55Avjc,2025-03-17T12:51:00Z,gh-3738
Fame,David Bowie,Young Americans,False,INDIFFERENT,4:22,262,Ypgq0qdgVZA,2025-03-17T12:46:38Z,gh-3738
This Must Be the Place (Naive Melody) [2005 Remaster],Talking Heads,Speaking in Tongues (Deluxe Version),False,INDIFFERENT,4:57,297,fsccjsW8bSY,2025-03-17T12:41:41Z,gh-3738
Taxman (Remastered 2009),The Beatles,Revolver,False,INDIFFERENT,2:39,159,l0zaebtU-CA,2025-03-17T12:39:02Z,gh-3738
Houses of the Holy (1990 Remaster),Led Zeppelin,Physical Graffiti (1994 Remaster),False,INDIFFERENT,4:03,243,ohDQ1FUUjPs,2025-03-17T12:34:59Z,gh-3738
Underture,The Who,Tommy,False,INDIFFERENT,10:05,605,QcjskTtsUEI,2025-03-17T12:24:54Z,gh-3738
Go To The Mirror!,The Who,Tommy,False,LIKE,3:48,228,pFBt8DDbBT4,2025-03-17T12:21:06Z,gh-3738
Endless Falls,loscil,Endless Falls,False,INDIFFERENT,7:56,476,xxxpnfRi4Tw,2025-03-16T20:34:47Z,gh-3736
Stillness,Hazy,Stillness,False,INDIFFERENT,4:00,240,aqYuFlzLC1A,2025-03-16T20:30:47Z,gh-3736
A Meaningful Moment Through a Meaning(less) Process,Stars of the Lid,And Their Refinement of the Decline,False,INDIFFERENT,4:33,273,T9lV5-wbPqw,2025-03-16T20:26:14Z,gh-3736
Indigo,Loscil & Lawrence English,Chroma,False,INDIFFERENT,4:25,265,iWmgCbMR7s0,2025-03-16T20:21:49Z,gh-3736
Basilisk,Orgone,Basilisk,False,LIKE,4:30,270,alUNFofyIHg,2025-03-16T18:35:24Z,gh-3732
Sahara Cowboy,Arc De Soleil,Chameleon Sunday,False,INDIFFERENT,3:05,185,sk1j6cg2p3k,2025-03-16T18:32:19Z,gh-3732
Black Sand,Glass Beams,Mahal,False,INDIFFERENT,4:39,279,v_mpRUw_JDk,2025-03-16T18:27:40Z,gh-3732
Snake Oil,Glass Beams,Mahal,False,INDIFFERENT,4:56,296,qcraR6poCHk,2025-03-16T18:22:44Z,gh-3732
Coffee Pot Blues,Pokey LaFarge,Middle of Everywhere,False,INDIFFERENT,4:02,242,VCUoZR7xVXE,2025-03-16T18:18:42Z,gh-3732
Drinkin' Whiskey Tonight,Pokey LaFarge,Middle of Everywhere,False,LIKE,2:53,173,GWqjF81M5h4,2025-03-16T18:15:49Z,gh-3732
Rhiannon,The Langley Schools Music Project,Innocence and Despair,False,LIKE,3:53,233,vMCpsR8pvXM,2025-03-16T18:11:56Z,gh-3732
To Know Him is to Love Him,The Langley Schools Music Project,Innocence and Despair,False,INDIFFERENT,1:50,110,6--SKyJbj70,2025-03-16T18:10:06Z,gh-3732
Sweet Caroline,The Langley Schools Music Project,Innocence and Despair,False,INDIFFERENT,3:00,180,TSsL25EnRY0,2025-03-16T18:07:06Z,gh-3732
You're So Good to Me,The Langley Schools Music Project,Innocence and Despair,False,INDIFFERENT,2:50,170,FBcIQY-TuSE,2025-03-16T18:04:16Z,gh-3732
Desperado,The Langley Schools Music Project,Innocence and Despair,False,LIKE,3:36,216,2H9xirgRM2w,2025-03-16T18:00:40Z,gh-3732
Wildfire,The Langley Schools Music Project,Innocence and Despair,False,INDIFFERENT,4:33,273,Kpjhs5nH4N8,2025-03-16T17:56:07Z,gh-3732
The Long and Winding Road,The Langley Schools Music Project,Innocence and Despair,False,INDIFFERENT,3:50,230,carLv4HbK6M,2025-03-16T17:52:17Z,gh-3732
Space Oddity,The Langley Schools Music Project,Innocence and Despair,False,INDIFFERENT,5:27,327,LmzAfPA74pI,2025-03-16T17:46:50Z,gh-3732
Float On,Modest Mouse,Good News For People Who Love Bad News,False,INDIFFERENT,3:29,209,88XhEqgmRhM,2025-03-16T17:43:21Z,gh-3732
I Believe in a Thing Called Love (Single Version),The Darkness,Permission To Land... Again (20th Anniversary Edition),False,INDIFFERENT,3:39,219,ZbxkV9vCZuU,2025-03-16T17:39:42Z,gh-3732
"You're Gonna Go Far, Kid",The Offspring,"Rise And Fall, Rage And Grace",False,INDIFFERENT,2:58,178,weqK155M_4o,2025-03-16T17:36:44Z,gh-3732
Teenage Demon Baby,Foxy Shazam,Foxy Shazam,False,INDIFFERENT,3:37,217,PDI5dFW1h1M,2025-03-16T17:33:07Z,gh-3732
Oh Lord,Foxy Shazam,Foxy Shazam,False,INDIFFERENT,4:11,251,dEEB-51RpnY,2025-03-16T17:28:56Z,gh-3732
Second Floor,Foxy Shazam,Foxy Shazam,False,INDIFFERENT,4:00,240,XuZ76-4z5U8,2025-03-16T17:24:56Z,gh-3732
Killin' It,Foxy Shazam,Foxy Shazam,False,INDIFFERENT,3:59,239,Bewcw1PWtHY,2025-03-16T17:20:57Z,gh-3732
Nothing Matters,The Last Dinner Party,Prelude to Ecstasy,False,INDIFFERENT,3:03,183,mF21WMaG92E,2025-03-16T15:27:21Z,gh-3731
The Giver - Chappell Roan,"334K views, Chappell Roan HQ",,False,INDIFFERENT,3:29,209,O0400SZ-xL0,2025-03-16T15:23:52Z,gh-3731
All Too Well (10 Minute Version) [Taylor's Version] [From The Vault],Taylor Swift,Red (Taylor's Version),False,INDIFFERENT,10:13,613,7SqC7_f_-0M,2025-03-16T15:13:39Z,gh-3731
Please Please Please,Sabrina Carpenter,Short n' Sweet,False,INDIFFERENT,3:07,187,62yox0F5lcA,2025-03-16T15:10:32Z,gh-3731
Sensation,The Who,Tommy,False,INDIFFERENT,2:27,147,FeB3fNRPLEc,2025-03-16T02:10:23Z,gh-3726
Smash The Mirror,The Who,Tommy,False,INDIFFERENT,1:35,95,_V4j21NOAwI,2025-03-16T02:08:48Z,gh-3726
Tommy Can You Hear Me?,The Who,Tommy,False,INDIFFERENT,1:36,96,GxOHe_cQ4os,2025-03-16T02:07:12Z,gh-3726
Go To The Mirror!,The Who,Tommy,False,LIKE,3:48,228,pFBt8DDbBT4,2025-03-16T02:03:24Z,gh-3726
Amaranth,Loscil & Lawrence English,Chroma,False,INDIFFERENT,5:51,351,KjDoxJr-35Y,2025-03-15T09:24:20Z,gh-3721
Vermillion,Loscil & Lawrence English,Chroma,False,INDIFFERENT,7:17,437,sJZhj6k0mSY,2025-03-15T09:17:03Z,gh-3721
Ultramarine,Loscil & Lawrence English,Chroma,False,INDIFFERENT,5:07,307,0_6Vew9eUh8,2025-03-15T09:11:56Z,gh-3721
Ochre,Loscil & Lawrence English,Chroma,False,INDIFFERENT,4:04,244,7CInvYDZ-TM,2025-03-15T09:07:52Z,gh-3721
Sienna,Loscil & Lawrence English,Chroma,False,INDIFFERENT,5:34,334,-ZC8o6rIcwk,2025-03-15T09:02:18Z,gh-3721
Respite,Dear Gravity,Sleep Scenes,False,INDIFFERENT,3:19,199,SFOMeLbvreA,2025-03-15T08:58:59Z,gh-3721
Sea Floor,Astron,Timeless Tide,False,INDIFFERENT,3:23,203,jXWkNkZHy18,2025-03-15T08:55:36Z,gh-3721
Two Connect,Spa,Pure Relaxing Ambience,False,INDIFFERENT,3:34,214,q3gFgtufKbw,2025-03-15T08:52:02Z,gh-3721
Hohenbol,Feldgeister,Between Camerae,False,INDIFFERENT,3:20,200,hSzmR10T1hs,2025-03-15T08:48:42Z,gh-3721
Stillness,Hazy,Stillness,False,INDIFFERENT,4:00,240,aqYuFlzLC1A,2025-03-15T08:44:42Z,gh-3721
A Meaningful Moment Through a Meaning(less) Process,Stars of the Lid,And Their Refinement of the Decline,False,INDIFFERENT,4:33,273,T9lV5-wbPqw,2025-03-15T08:40:09Z,gh-3721
Indigo,Loscil & Lawrence English,Chroma,False,INDIFFERENT,4:25,265,iWmgCbMR7s0,2025-03-15T08:35:44Z,gh-3721
Bare Your Soul,COPYCATT,"Powered by Inspected, Vol. 3",False,INDIFFERENT,2:41,161,RU2CrIHkw54,2025-03-15T08:33:03Z,gh-3721
The Story of My Life,The Seldom Scene,Remains to Be Scene,False,INDIFFERENT,2:48,168,yrjH7wS8aJU,2025-03-15T01:56:12Z,gh-3718
Show Me the Way to Go Home,The Seldom Scene,Remains to Be Scene,False,INDIFFERENT,2:47,167,l8kJEuEmQ6I,2025-03-15T01:53:25Z,gh-3718
White Line,The Seldom Scene,Remains to Be Scene,False,INDIFFERENT,3:41,221,nTvl3aUUzdo,2025-03-15T01:49:44Z,gh-3718
I Could Cry,The Seldom Scene,Remains to Be Scene,False,INDIFFERENT,2:30,150,fw30n-_KeDE,2025-03-15T01:47:14Z,gh-3718
Lonesome Day,The Seldom Scene,Remains to Be Scene,False,INDIFFERENT,2:37,157,POtB35w7SCE,2025-03-15T01:44:37Z,gh-3718
Walking Down the Line,The Seldom Scene,Remains to Be Scene,False,INDIFFERENT,2:36,156,uZ54Y6X8oKE,2025-03-15T01:42:01Z,gh-3718
"Farewell, Angelina",The Seldom Scene,Remains to Be Scene,False,INDIFFERENT,4:02,242,G4Eri-Wy6CQ,2025-03-15T01:37:59Z,gh-3718
Hard Travelin',The Seldom Scene,Remains to Be Scene,False,INDIFFERENT,2:57,177,kdKflMJwe4w,2025-03-15T01:35:02Z,gh-3718
Objects Outlive Us,Steven Wilson,The Overview,False,INDIFFERENT,23:19,1399,5P3Ukihr7iQ,2025-03-15T01:11:43Z,gh-3718
A Good Time Man Like Me Ain't Got No Business (Singin' the Blues),The Seldom Scene,Remains to Be Scene,False,INDIFFERENT,2:10,130,5jpUyc2rUII,2025-03-15T01:09:33Z,gh-3718
Man at the Crossroads,The Seldom Scene,Remains to Be Scene,False,INDIFFERENT,2:47,167,5g3m99jXxic,2025-03-15T01:06:46Z,gh-3718
Last of the Steam-Powered Trains,The Seldom Scene,Remains to Be Scene,False,INDIFFERENT,3:48,228,8lW9i67bn_Q,2025-03-15T01:02:58Z,gh-3718
Tulum x Comunite Live Set,Nicola Cruz,Boiler Room,,LIKE,50:34,3034,AaAETrunxdc,2025-03-15T00:12:24Z,gh-3718
Pyramid Song,Radiohead,Amnesiac,False,INDIFFERENT,4:49,289,2Agt3XfmccM,2025-03-14T11:27:32Z,gh-3717
Favorite Son,Satellite Friend,Favorite Son,False,LIKE,4:23,263,Go0wsC-rRIo,2025-03-14T11:23:09Z,gh-3717
Don't Stop 'Til You Get Enough,Michael Jackson,Off the Wall,False,LIKE,6:06,366,n3qQtSRmHxo,2025-03-14T18:34:17Z,gh-3716
Beat It,Michael Jackson,Thriller,False,INDIFFERENT,4:19,259,kOn-HdEg6AQ,2025-03-14T18:29:58Z,gh-3716
"Good Luck, Babe!",Chappell Roan,"Good Luck, Babe!",False,INDIFFERENT,3:39,219,VZ-oGLluGAc,2025-03-14T18:26:19Z,gh-3716
Please Please Please,Sabrina Carpenter,Short n' Sweet,False,INDIFFERENT,3:07,187,62yox0F5lcA,2025-03-14T18:23:12Z,gh-3716
Tulum x Comunite Live Set,Nicola Cruz,Boiler Room,,LIKE,50:34,3034,AaAETrunxdc,2025-03-14T17:32:38Z,gh-3716
Amazing Journey,The Who,Tommy,False,INDIFFERENT,5:05,305,sy_VFBMrUhI,2025-03-14T17:27:33Z,gh-3716
1921,The Who,Tommy,False,INDIFFERENT,2:50,170,H4lurE-IpHE,2025-03-14T17:24:43Z,gh-3716
Tommy Can You Hear Me?,The Who,Tommy,False,INDIFFERENT,1:36,96,GxOHe_cQ4os,2025-03-14T17:23:07Z,gh-3716
Go To The Mirror!,The Who,Tommy,False,INDIFFERENT,3:48,228,pFBt8DDbBT4,2025-03-14T17:19:19Z,gh-3716
Underture,The Who,Tommy,False,INDIFFERENT,10:05,605,QcjskTtsUEI,2025-03-14T17:09:14Z,gh-3716
Tweezer Reprise (Live),Phish,"Phish: Madison Square Garden, New York (December 30th, 2017) [Live]",False,INDIFFERENT,3:19,199,k_OATxDpLMs,2025-03-14T17:05:55Z,gh-3716
Sleeping Monkey (Live),Phish,"Phish: Madison Square Garden, New York (December 30th, 2017) [Live]",False,LIKE,4:45,285,y1oZQphqJwI,2025-03-14T17:01:10Z,gh-3716
Run Like An Antelope (Live),Phish,"Phish: Madison Square Garden, New York (December 30th, 2017) [Live]",False,INDIFFERENT,11:24,684,yubVXUOeLow,2025-03-14T16:49:46Z,gh-3716
Farmhouse (Live),Phish,"Phish: Madison Square Garden, New York (December 30th, 2017) [Live]",False,INDIFFERENT,6:52,412,Va0DGCjdPzU,2025-03-14T16:42:54Z,gh-3716
Light (Live),Phish,"Phish: Madison Square Garden, New York (December 30th, 2017) [Live]",False,INDIFFERENT,10:58,658,phFdzKc2n-Q,2025-03-14T16:31:56Z,gh-3716
Please Please Please,Sabrina Carpenter,Short n' Sweet,False,INDIFFERENT,3:07,187,62yox0F5lcA,2025-03-14T01:57:07Z,gh-3710
How Come My Dog Don't Bark (When You Come Around),Dr. John,Goin' Back To New Orleans,False,INDIFFERENT,4:10,250,B2fqUt7KVjA,2025-03-13T21:26:21Z,gh-3709
Deep River Blues,Doc Watson,Rambling Hobo,False,INDIFFERENT,3:11,191,lebF-xPszP0,2025-03-13T21:23:10Z,gh-3709
Ginseng Sullivan,The Tony Rice Unit,Manzanita,False,LIKE,3:11,191,1e_Jc2mo1xI,2025-03-13T21:19:59Z,gh-3709
Gentle On My Mind,John Hartford,"Me Oh My, How the Time Does Fly -- A John Hartford Anthology",False,LIKE,4:36,276,OZ5Ud9vpXYs,2025-03-13T21:15:23Z,gh-3709
Eight More Miles To Louisville (Simply Bluegrass),Sam Bush,Eight More Miles To Louisville (Simply Bluegrass),False,INDIFFERENT,3:43,223,dBUt_4GgkbI,2025-03-13T21:11:40Z,gh-3709
Turn Your Radio On (II),John Hartford,Aereo-Plain,False,INDIFFERENT,2:17,137,8fgjvwPOyYs,2025-03-13T21:09:23Z,gh-3709
Fortune Teller (Live At Hull Version),The Who,Live At Leeds (2010 Super Deluxe Edition),False,INDIFFERENT,2:36,156,ZlTuoaV2UFo,2025-03-13T08:39:05Z,gh-3708
I Can't Explain (Live At Hull Version),The Who,Live At Leeds (2010 Super Deluxe Edition),False,INDIFFERENT,2:51,171,KYa5DSbIj7s,2025-03-13T08:36:14Z,gh-3708
Heaven And Hell (Live At Hull Version),The Who,Live At Leeds (2010 Super Deluxe Edition),False,INDIFFERENT,4:05,245,Tko4M-z8Xww,2025-03-13T08:32:09Z,gh-3708
We're Not Gonna Take It (40th Anniversary Version - Live At Leeds),The Who,Live At Leeds (2010 Super Deluxe Edition),False,INDIFFERENT,8:50,530,TV_fW129QJY,2025-03-13T08:23:19Z,gh-3708
Tommy's Holiday Camp (40th Anniversary Version - Live At Leeds),The Who,Live At Leeds (2010 Super Deluxe Edition),False,INDIFFERENT,1:01,61,TMre2t7m_ng,2025-03-13T08:22:18Z,gh-3708
I'm Free (40th Anniversary Version - Live At Leeds),The Who,Live At Leeds (2010 Super Deluxe Edition),False,INDIFFERENT,2:39,159,-WC24ML_HWs,2025-03-13T08:19:39Z,gh-3708
Sally Simpson (40th Anniversary Version - Live At Leeds),The Who,Live At Leeds (2010 Super Deluxe Edition),False,INDIFFERENT,4:01,241,pGcwbTv48qM,2025-03-13T08:15:38Z,gh-3708
Miracle Cure (40th Anniversary Version - Live At Leeds),The Who,Live At Leeds (2010 Super Deluxe Edition),False,INDIFFERENT,0:13,13,0vqzGmxnjKw,2025-03-13T08:15:25Z,gh-3708
Smash The Mirror (40th Anniversary Version - Live At Leeds),The Who,Live At Leeds (2010 Super Deluxe Edition),False,INDIFFERENT,1:19,79,oFnbimc6ZCY,2025-03-13T08:14:06Z,gh-3708
Go To The Mirror! (40th Anniversary Version - Live At Leeds),The Who,Live At Leeds (2010 Super Deluxe Edition),False,INDIFFERENT,3:25,205,fZWpCGBLl6w,2025-03-13T08:10:41Z,gh-3708
There's A Doctor (40th Anniversary Version - Live At Leeds),The Who,Live At Leeds (2010 Super Deluxe Edition),False,INDIFFERENT,0:24,24,Zm5m-Gyvh5o,2025-03-13T08:10:17Z,gh-3708
Tommy Can You Hear Me? (40th Anniversary Version - Live At Leeds),The Who,Live At Leeds (2010 Super Deluxe Edition),False,INDIFFERENT,0:56,56,XzHKselZ-RQ,2025-03-13T08:09:21Z,gh-3708
Fiddle About (40th Anniversary Version - Live At Leeds),The Who,Live At Leeds (2010 Super Deluxe Edition),False,INDIFFERENT,1:14,74,OzznZE3DDec,2025-03-13T08:08:07Z,gh-3708
Do You Think It's Alright? (40th Anniversary Version - Live At Leeds),The Who,Live At Leeds (2010 Super Deluxe Edition),False,INDIFFERENT,0:23,23,uFomIFoN2TQ,2025-03-13T08:07:44Z,gh-3708
Pinball Wizard (40th Anniversary Version - Live At Leeds),The Who,Live At Leeds (2010 Super Deluxe Edition),False,INDIFFERENT,2:53,173,X35-VZi733U,2025-03-13T08:04:51Z,gh-3708
The Acid Queen (40th Anniversary Version - Live At Leeds),The Who,Live At Leeds (2010 Super Deluxe Edition),False,INDIFFERENT,3:33,213,dlc93_EA6uw,2025-03-13T08:01:18Z,gh-3708
Christmas (40th Anniversary Version - Live At Leeds),The Who,Live At Leeds (2010 Super Deluxe Edition),False,INDIFFERENT,3:19,199,DeGSMl7jTGI,2025-03-13T07:57:59Z,gh-3708
Eyesight To The Blind (The Hawker) (40th Anniversary Version - Live At Leeds),The Who,Live At Leeds (2010 Super Deluxe Edition),False,INDIFFERENT,1:59,119,BmUbXZq8zW4,2025-03-13T07:56:00Z,gh-3708
Sparks (40th Anniversary Version - Live At Leeds),The Who,Live At Leeds (2010 Super Deluxe Edition),False,INDIFFERENT,4:23,263,SIqT7o-IWQg,2025-03-13T07:51:37Z,gh-3708
Amazing Journey (40th Anniversary Version - Live At Leeds),The Who,Live At Leeds (2010 Super Deluxe Edition),False,INDIFFERENT,3:18,198,qy65IaCzJDQ,2025-03-13T07:48:19Z,gh-3708
1921 (40th Anniversary Version - Live At Leeds),The Who,Live At Leeds (2010 Super Deluxe Edition),False,INDIFFERENT,2:26,146,9W9vGBhiAX0,2025-03-13T07:45:53Z,gh-3708
It's A Boy (40th Anniversary Version - Live At Leeds),The Who,Live At Leeds (2010 Super Deluxe Edition),False,INDIFFERENT,0:36,36,PQklb5BAaUA,2025-03-13T07:45:17Z,gh-3708
Overture (40th Anniversary Version - Live At Leeds),The Who,Live At Leeds (2010 Super Deluxe Edition),False,INDIFFERENT,6:49,409,rIbvn6_uI8Y,2025-03-13T07:38:28Z,gh-3708
Heaven And Hell (40th Anniversary Version - Live At Leeds),The Who,Live At Leeds (2010 Super Deluxe Edition),False,INDIFFERENT,5:13,313,NqYdrRMx0Jo,2025-03-13T07:33:15Z,gh-3708
Son of a Son of a Sailor (Live),Jimmy Buffett,"Live in Mansfield, MA",False,INDIFFERENT,3:43,223,bl50lSQ-GTg,2025-03-13T07:29:32Z,gh-3708
I've Had Enough,Phish,"LivePhish, Vol. 14 10/31/95 (Rosemont Horizon, Rosemont, IL)",False,INDIFFERENT,5:48,348,ylIFUf9jPFE,2025-03-13T07:23:44Z,gh-3708
Don't Stop Me Now,Queen,Jazz (Deluxe Remastered Version),False,LIKE,3:30,210,DxQK_ARQmMY,2025-03-13T07:20:14Z,gh-3708
Up On Cripple Creek (Earlier Version),The Band,The Band (Deluxe Edition / 2019 Remix),False,INDIFFERENT,3:19,199,QiQ93364MJs,2025-03-13T07:16:55Z,gh-3708
"Rocket Man (Live at Live Aid, Wembley Stadium, 13th July 1985)",Elton John,"Live Aid (Live, 13th July 1985)",False,INDIFFERENT,4:54,294,JZaRv-gGgyA,2025-03-13T07:12:01Z,gh-3708
The Accident (Things Could Be Worse),John Prine,Sweet Revenge,False,INDIFFERENT,3:21,201,fd9RTTGq1eY,2025-03-13T07:08:40Z,gh-3708
Old Folks Boogie,Little Feat,Time Loves a Hero,False,INDIFFERENT,3:33,213,nHcGkGdiEHc,2025-03-13T07:05:07Z,gh-3708
China Doll (Live),Grateful Dead,Reckoning (Live),False,INDIFFERENT,5:22,322,DRSN2TlffH4,2025-03-13T06:59:45Z,gh-3708
Deal,Jerry Garcia,Garcia,False,INDIFFERENT,3:12,192,C1IMWsWQrkY,2025-03-13T06:56:33Z,gh-3708
"'39 (Live At Earl’s Court, London / June 1977)",Queen,A Night At The Opera (Deluxe Remastered Version),False,INDIFFERENT,3:47,227,Pen02XmWU0c,2025-03-13T06:52:46Z,gh-3708
Burnin' / Too Long,Daft Punk,Alive 2007,False,INDIFFERENT,7:12,432,sa1T2s09Rgs,2025-03-13T15:28:58Z,gh-3707
"Around the World / Harder, Better, Faster, Stronger",Daft Punk,Alive 2007,False,INDIFFERENT,5:43,343,kcxK1Tnwy5M,2025-03-13T15:23:15Z,gh-3707
Too Long / Steam Machine,Daft Punk,Alive 2007,False,INDIFFERENT,7:02,422,ifJxwoDmQqY,2025-03-13T15:16:13Z,gh-3707
Television Rules the Nation / Crescendolls,Daft Punk,Alive 2007,False,INDIFFERENT,4:51,291,F6e2rM2-oLY,2025-03-13T15:11:22Z,gh-3707
Touch It / Technologic,Daft Punk,Alive 2007,False,INDIFFERENT,5:30,330,pHWj-hRP-cY,2025-03-13T15:05:52Z,gh-3707
Robot Rock / Oh Yeah,Daft Punk,Alive 2007,False,INDIFFERENT,6:28,388,H1zdxloRUJw,2025-03-13T14:59:24Z,gh-3707
Psalm 91,Jonathan Ogden,By the Streams,False,INDIFFERENT,3:26,206,utFtIn2wA5Y,2025-03-13T14:55:58Z,gh-3707
Favorite Son,Satellite Friend,Favorite Son,False,LIKE,4:23,263,Go0wsC-rRIo,2025-03-13T14:51:35Z,gh-3707
Turncoat,Goldmund,Sometimes,False,INDIFFERENT,3:28,208,_DTmr7rXQmc,2025-03-12T16:53:06Z,gh-3706
Hold This Place,Alice in Winter,Spun from Reverence,False,INDIFFERENT,4:48,288,ZBqhBJvUe5s,2025-03-12T16:48:18Z,gh-3706
Mysterious River Snake,The Sweet Enoughs,Marshmallow,False,INDIFFERENT,2:56,176,YjRfnU3USd8,2025-03-13T09:30:46Z,gh-3705
Past Is Prologue,Tycho,Past Is Prologue,False,INDIFFERENT,5:51,351,iFRcgW4mOQg,2025-03-13T09:24:55Z,gh-3705
Light,Hazy,Light,False,INDIFFERENT,4:00,240,NyP76tWrRG0,2025-03-13T09:20:55Z,gh-3705
Return to Love,Kevin Kern,Summer Daydreams,False,INDIFFERENT,4:27,267,ls5nA3y7NWE,2025-03-13T09:16:28Z,gh-3705
your sonnet,haruka nakamura,Still Life,False,INDIFFERENT,4:23,263,zLaC5CTxJaA,2025-03-13T09:12:05Z,gh-3705
Winter Restlessness,Mount Shrine,Winter Restlessness,False,INDIFFERENT,10:10,610,x5sUaYooY8I,2025-03-13T09:01:55Z,gh-3705
Fading Memories,"Human Is Alive, Warmth",Fading Memories,False,INDIFFERENT,3:04,184,XU01a3ptZG8,2025-03-13T08:58:51Z,gh-3705
Cry,Quany London,Cry,False,INDIFFERENT,4:17,257,MA-tzAiYpXY,2025-03-13T08:54:34Z,gh-3705
Maps,August Wilhelmsson,Departure,False,INDIFFERENT,3:15,195,rsXPkPZRPJU,2025-03-13T08:51:19Z,gh-3705
A Voice in Svay Pak,Tony Anderson,Movements of the Heart,False,INDIFFERENT,3:38,218,afIQB9WlXAE,2025-03-13T08:47:41Z,gh-3705
Musing Under Moonlight,Brombaer,Silencio,False,INDIFFERENT,3:35,215,D9A7oaTf9ug,2025-03-13T08:44:06Z,gh-3705
The Long Hills,Ivan the Tolerable,Nocturnes,False,INDIFFERENT,5:51,351,L2WnWdrbsh8,2025-03-13T07:47:21Z,gh-3705
Into Leaf,Ivan the Tolerable,Nocturnes,False,INDIFFERENT,3:39,219,wB_fKpMJsSQ,2025-03-13T07:43:42Z,gh-3705
Scentless Weightless,Ivan the Tolerable,Nocturnes,False,INDIFFERENT,5:56,356,_RVXEZPO1VA,2025-03-13T07:37:46Z,gh-3705
Brain & Eye,Ivan the Tolerable,Nocturnes,False,INDIFFERENT,4:40,280,WuREzzWb1oo,2025-03-13T07:33:06Z,gh-3705
Too Much Moonlight,Ivan the Tolerable,Nocturnes,False,INDIFFERENT,3:31,211,8PM-RILTzzs,2025-03-13T07:29:35Z,gh-3705
Redcaps,Ivan the Tolerable,Nocturnes,False,INDIFFERENT,8:03,483,Rjt1xWg-FG8,2025-03-13T07:21:32Z,gh-3705
Silver Knife,Ivan the Tolerable,Nocturnes,False,INDIFFERENT,4:56,296,bdbkpFYMAyk,2025-03-13T07:16:36Z,gh-3705
Heavy Flowers,Ivan the Tolerable,Nocturnes,False,INDIFFERENT,3:55,235,j2kEu5zVuJc,2025-03-13T07:12:41Z,gh-3705
A Serious House,Ivan the Tolerable,Nocturnes,False,INDIFFERENT,3:29,209,qZjUj5SUlkg,2025-03-13T07:09:12Z,gh-3705
Confessionals,Ivan the Tolerable,Nocturnes,False,INDIFFERENT,3:59,239,CviwXuws7xA,2025-03-13T07:05:13Z,gh-3705
Motoc,loscil,Plume,False,INDIFFERENT,6:30,390,zBCKNhgD2A8,2025-03-13T06:58:43Z,gh-3705
I Could Drive You Crazy,Sierra Ferrell,Trail Of Flowers,False,INDIFFERENT,3:37,217,Xc0jt3IA31M,2025-03-13T01:58:21Z,gh-3702
Rye Whiskey,Punch Brothers,Antifogmatic,False,INDIFFERENT,3:30,210,jXfE-e4a3GU,2025-03-13T01:54:51Z,gh-3702
You Don't Want Me,Pokey LaFarge,Riverboat Soul,False,INDIFFERENT,2:55,175,sgBDgLWN7zE,2025-03-13T01:51:56Z,gh-3702
Drinkin' Whiskey Tonight,Pokey LaFarge,Middle of Everywhere,False,LIKE,2:53,173,GWqjF81M5h4,2025-03-13T01:49:03Z,gh-3702
Anxiety,Doechii,Anxiety,False,INDIFFERENT,4:10,250,xZWbh0iz_WQ,2025-03-13T01:44:53Z,gh-3702
Please Please Please,Sabrina Carpenter,Short n' Sweet,False,INDIFFERENT,3:07,187,62yox0F5lcA,2025-03-13T01:41:46Z,gh-3702
Scuba,Bonobo,One Offs (Remixes & B Sides),False,INDIFFERENT,4:23,263,bQTGhqEHFdY,2025-03-12T21:26:54Z,gh-3701
Please Please Please,Sabrina Carpenter,Short n' Sweet,False,INDIFFERENT,3:07,187,62yox0F5lcA,2025-03-12T21:23:47Z,gh-3701
Cottonwoods By Still Water,Ivan the Tolerable,Proust Quartering,False,INDIFFERENT,14:26,866,4v2nWqCSEKM,2025-03-12T04:55:37Z,gh-3701
Consciousness,Ivan the Tolerable,Proust Quartering,False,INDIFFERENT,10:54,654,dV2UONSSAdc,2025-03-12T04:44:43Z,gh-3701
White Admiral,Ivan the Tolerable,Proust Quartering,False,INDIFFERENT,12:06,726,3ShvQM5u7Zk,2025-03-12T04:32:37Z,gh-3701
Tea For Two,Oscar Peterson Trio,The Complete Mercury/Clef Recordings,False,INDIFFERENT,3:19,199,N7TOpyPMaYs,2025-03-11T00:44:35Z,gh-3701
Tiger Rag,Oscar Aleman,Swing Guitar Masterpieces,False,INDIFFERENT,2:47,167,Jloyla0tcr0,2025-03-11T00:41:48Z,gh-3701
Dawg's Waltz,"David Grisman, Jerry Garcia",Jerry Garcia & David Grisman,False,INDIFFERENT,4:33,273,T_Pk6MIVQ7A,2025-03-11T00:37:15Z,gh-3701
Dinosaurs (Jon Kennedy Mix),Bonobo,One Offs (Remixes & B Sides),False,INDIFFERENT,4:09,249,fmrl5HdCQdo,2025-03-12T18:38:15Z,gh-3700
Scuba,Bonobo,One Offs (Remixes & B Sides),False,INDIFFERENT,4:23,263,bQTGhqEHFdY,2025-03-12T18:13:31Z,gh-3700
Magicman,Bonobo,One Offs (Remixes & B Sides),False,INDIFFERENT,4:39,279,5_mjJXjOnaI,2025-03-12T18:08:52Z,gh-3700
Tell Me How You Feel (Bonobo Mix),Jon Kennedy,One Offs (Remixes & B Sides),False,INDIFFERENT,5:05,305,y33ZdoB6FjM,2025-03-12T18:03:47Z,gh-3700
The Shark,Bonobo,One Offs (Remixes & B Sides),False,INDIFFERENT,4:57,297,NQI_lRWWaTE,2025-03-12T17:58:50Z,gh-3700
The Sicilian,Bonobo,One Offs (Remixes & B Sides),False,INDIFFERENT,4:24,264,bbAT9SbK8hA,2025-03-12T17:54:26Z,gh-3700
Stress,Justice,Cross,False,INDIFFERENT,4:59,299,5NmJPzJNt0o,2025-03-12T17:49:27Z,gh-3700
DVNO,Justice,Cross,False,INDIFFERENT,3:57,237,bz68yrZW3vU,2025-03-12T17:45:30Z,gh-3700
Tehachapi,Margo Cilker,Pohorylle,False,LIKE,3:08,188,YlmTrjdyjhU,2025-03-12T17:42:22Z,gh-3700
The Party,Justice,Cross,False,INDIFFERENT,4:04,244,I8vwpbonhMU,2025-03-12T17:38:18Z,gh-3700
Valentine,Justice,Cross,False,INDIFFERENT,2:57,177,MWoe2wgYidg,2025-03-12T17:35:21Z,gh-3700
Phantom Pt. II,Justice,Cross,False,LIKE,3:21,201,Dn-WFH6tpCU,2025-03-12T17:32:00Z,gh-3700
Phantom,Justice,Cross,False,INDIFFERENT,4:23,263,CQU-98QkHQU,2025-03-12T17:27:37Z,gh-3700
Newjack,Justice,Cross,False,INDIFFERENT,3:37,217,ykYN0ZSwdns,2025-03-12T17:24:00Z,gh-3700
D.A.N.C.E,Justice,Cross,False,INDIFFERENT,4:03,243,P0Nryn0YZ-A,2025-03-12T17:19:57Z,gh-3700
Let There Be Light,Justice,Cross,False,INDIFFERENT,4:56,296,86QWdIDubKc,2025-03-12T17:15:01Z,gh-3700
Genesis,Justice,Cross,False,INDIFFERENT,3:55,235,pf7uueiK8ec,2025-03-12T17:11:06Z,gh-3700
New Woman (feat. ROSALÍA),LISA,Alter Ego,False,INDIFFERENT,3:00,180,YxbbkM7YY-U,2025-03-12T17:08:06Z,gh-3700
Cake By The Ocean,DNCE,DNCE,False,INDIFFERENT,3:40,220,M4T_k33CI1M,2025-03-12T17:04:26Z,gh-3700
Sleepin' On Me,Meghan Trainor,Timeless,False,INDIFFERENT,3:03,183,8Cjvsa3j1sg,2025-03-12T17:01:23Z,gh-3700
Roar,Katy Perry,PRISM (Deluxe),False,INDIFFERENT,3:44,224,6nJuUdc2qNg,2025-03-12T16:57:39Z,gh-3700
Falling,WNRDA,Falling,False,INDIFFERENT,3:04,184,Egam_m1g7fk,2025-03-12T16:54:35Z,gh-3700
Lovefool,The Cardigans,First Band On The Moon,False,INDIFFERENT,3:14,194,c0fHs7THj4k,2025-03-12T15:32:35Z,gh-3699
Somebody That I Used To Know (feat. Kimbra),Gotye,Making Mirrors,False,INDIFFERENT,4:05,245,jg51kFe7CWU,2025-03-12T15:28:30Z,gh-3699
bet u wanna,Sabrina Carpenter,emails i can't send,False,LIKE,3:12,192,Ns0svgOVo10,2025-03-12T15:25:18Z,gh-3699
Please Please Please,Sabrina Carpenter,Short n' Sweet,False,INDIFFERENT,3:07,187,62yox0F5lcA,2025-03-12T15:22:11Z,gh-3699
Please Please Please (Acoustic),Sabrina Carpenter,Please Please Please,False,INDIFFERENT,3:02,182,pEqLgHWi1hw,2025-03-12T15:19:09Z,gh-3699
Please Please Please (A cappella),Sabrina Carpenter,Please Please Please,False,INDIFFERENT,3:07,187,ky4jM_OmYqg,2025-03-12T15:16:02Z,gh-3699
Please Please Please,Sabrina Carpenter,Please Please Please,False,LIKE,3:07,187,zAgVtzhjfCA,2025-03-12T15:12:55Z,gh-3699
Please Please Please (Workout Remix 128 BPM),Power Music Workout,Please Please Please,False,LIKE,2:53,173,x3f3FlkMbqU,2025-03-12T15:10:02Z,gh-3699
Please Please Please,Rain Paris,Please Please Please,False,INDIFFERENT,3:01,181,wFrLMuNUr88,2025-03-12T15:07:01Z,gh-3699
Please Please Please (Epic Version),Morgan Clae,Please Please Please (Epic Version),False,INDIFFERENT,3:44,224,C-ZKvyF7tmg,2025-03-12T15:03:17Z,gh-3699
Please Please Please (Sped Up),Sabrina Carpenter,Please Please Please,False,LIKE,2:33,153,4eccnzZmay4,2025-03-12T15:00:44Z,gh-3699
Ava Green,Page McConnell,Unsung Cities And Movies Never Made,False,INDIFFERENT,2:41,161,vt6SSDZBgT8,2025-03-11T20:40:36Z,gh-3696
Arbor Day,Page McConnell,Unsung Cities And Movies Never Made,False,INDIFFERENT,6:34,394,AJzvs5WteVY,2025-03-11T20:34:02Z,gh-3696
Black Dog (Basic Track with Guitar Overdubs),Led Zeppelin,Led Zeppelin IV (Deluxe Edition),False,INDIFFERENT,4:35,275,StDQujoVWow,2025-03-11T20:29:27Z,gh-3696
Morning Has Broken,Cat Stevens,Teaser And The Firecat,False,INDIFFERENT,3:20,200,qARB7XPfYjo,2025-03-11T20:26:07Z,gh-3696
Goodbye Stranger (2010 Remastered),Supertramp,Breakfast In America,False,INDIFFERENT,5:51,351,u8pVZ5hTGJQ,2025-03-11T20:20:16Z,gh-3696
"Bennie and the Jets (Live at Live Aid, Wembley Stadium, 13th July 1985)",Elton John,"Live Aid (Live, 13th July 1985)",False,INDIFFERENT,4:52,292,nw4GFYqGOEA,2025-03-12T03:35:46Z,gh-3695
"Go Your Own Way (Sessions, Roughs & Outtakes)",Fleetwood Mac,Rumours (Super Deluxe),False,INDIFFERENT,3:06,186,fjorrujy5z0,2025-03-12T03:32:40Z,gh-3695
Apeman,The Kinks,"Lola Versus Powerman and the Moneygoround, Pt. One + Percy (Super Deluxe)",False,INDIFFERENT,3:54,234,-LN-eOvUKs8,2025-03-12T03:28:46Z,gh-3695
I Want To Break Free,Queen,The Works (Deluxe Remastered Version),False,INDIFFERENT,4:19,259,GfeklykTLcE,2025-03-12T03:24:27Z,gh-3695
"'39 (Live At Earl’s Court, London / June 1977)",Queen,A Night At The Opera (Deluxe Remastered Version),False,INDIFFERENT,3:47,227,Pen02XmWU0c,2025-03-12T03:20:40Z,gh-3695
Blue Mountain,Espers,The Weed Tree,False,INDIFFERENT,4:48,288,5EOPD785aoI,2025-03-12T01:55:33Z,gh-3694
Afraid,Espers,The Weed Tree,False,INDIFFERENT,3:12,192,7guyYhII9C8,2025-03-12T01:52:21Z,gh-3694
Black Is The Color,Espers,The Weed Tree,False,INDIFFERENT,5:34,334,Fo2cVG_H-Pk,2025-03-12T01:46:47Z,gh-3694
Tomorrow,Espers,The Weed Tree,False,INDIFFERENT,4:07,247,QG9CBKoQ_rg,2025-03-12T01:42:40Z,gh-3694
Rosemary Lane,Espers,The Weed Tree,False,INDIFFERENT,4:39,279,wnCTf-M7qtQ,2025-03-12T01:38:01Z,gh-3694
Espresso,Sabrina Carpenter,Short n' Sweet,False,INDIFFERENT,2:56,176,kIft-LUHHVA,2025-03-12T01:35:05Z,gh-3694
Please Please Please,Sabrina Carpenter,Short n' Sweet,False,INDIFFERENT,3:07,187,62yox0F5lcA,2025-03-12T01:31:58Z,gh-3694
Please Please Please,"Dolly Parton, Sabrina Carpenter",Short n' Sweet (Deluxe),False,INDIFFERENT,3:05,185,XH-D7C0vbxM,2025-03-12T01:28:53Z,gh-3694
Eyes Upon The Sea,Ivan the Tolerable,Proust Quartering,False,INDIFFERENT,13:28,808,W_cKf0whcTA,2025-03-12T01:15:25Z,gh-3694
"Surf Solar (7"" Edit)",Fuck Buttons,Surf Solar,False,INDIFFERENT,3:42,222,U_jX4uHbxF8,2025-03-12T01:11:43Z,gh-3694
Alive 1997,Daft Punk,Alive 1997,False,INDIFFERENT,45:32,2732,wZ0910QYB78,2025-03-12T00:26:11Z,gh-3694
Poison Lips,Vitalic,Flashmob,False,LIKE,3:55,235,Hqp6rFZWg6Q,2025-03-11T21:23:21Z,gh-3693
DVNO (Radio Edit),Justice,DVNO,False,INDIFFERENT,3:12,192,-BHhMD12ILM,2025-03-11T21:20:09Z,gh-3693
Human After All / Together / One More Time / Music Sounds Better with You,Daft Punk - Stardust,Alive 2007,False,INDIFFERENT,9:59,599,6u9xMu1Jqs4,2025-03-11T21:10:10Z,gh-3693
Superheroes / Human After All / Rock'n Roll,Daft Punk,Alive 2007,False,INDIFFERENT,5:42,342,081pT0SD64c,2025-03-11T21:04:28Z,gh-3693
Da Funk / Daftendirekt,Daft Punk,Alive 2007,False,INDIFFERENT,6:37,397,uaumM3VcjoA,2025-03-11T20:57:51Z,gh-3693
Prime Time of Your Life / Brainwasher / Rollin' & Scratchin' / Alive,Daft Punk,Alive 2007,False,INDIFFERENT,10:23,623,d-KAZjNmHpg,2025-03-11T20:47:28Z,gh-3693
"Aerodynamic Beats / Gabrielle , Forget About the World",Daft Punk,Alive 2007,False,INDIFFERENT,3:32,212,sP8pIospPig,2025-03-11T20:43:56Z,gh-3693
One More Time / Aerodynamic,Daft Punk,Alive 2007,False,INDIFFERENT,6:11,371,MNVcs2RSG60,2025-03-11T20:37:45Z,gh-3693
Face to Face / Short Circuit,Daft Punk,Alive 2007,False,INDIFFERENT,4:56,296,CIUzGxMkVDQ,2025-03-11T20:32:49Z,gh-3693
Burnin' / Too Long,Daft Punk,Alive 2007,False,INDIFFERENT,7:12,432,sa1T2s09Rgs,2025-03-11T20:25:37Z,gh-3693
Life on Mars?,David Bowie,Hunky Dory,False,INDIFFERENT,3:56,236,Enzxdvo8NOk,2025-03-11T20:21:41Z,gh-3693
Gut Feeling/(Slap Your Mammy) [2023 Remaster],Devo,50 Years of De-Evolution 1973–2023,False,INDIFFERENT,4:58,298,mvVuPsgOMjI,2025-03-11T20:16:43Z,gh-3693
Space Oddity,David Bowie,David Bowie (aka Space Oddity),False,INDIFFERENT,5:19,319,5PgdZDXg0z0,2025-03-11T20:11:24Z,gh-3693
Creep,Radiohead,Creep,False,INDIFFERENT,3:59,239,9RfVp-GhKfs,2025-03-11T20:07:25Z,gh-3693
Are You Gonna Be My Girl,Jet,Are You Gonna Be My Girl,False,INDIFFERENT,3:34,214,oz_YNxaaVsM,2025-03-11T18:38:56Z,gh-3692
Hold On (Live At KCRW),Alabama Shakes,Boys & Girls (Deluxe Edition),False,INDIFFERENT,3:53,233,G2QZBElSXc8,2025-03-11T18:35:03Z,gh-3692
Starman (Original Single Mix) [2024 Remaster],David Bowie,Rock 'n' Roll Star!,False,INDIFFERENT,4:18,258,ldMBytWjpJ0,2025-03-11T18:30:45Z,gh-3692
Mr. E's Beautiful Blues,EELS,Daisies Of The Galaxy,False,INDIFFERENT,4:19,259,EnmIE8fXf-Q,2025-03-11T18:26:26Z,gh-3692
Psycho Killer (2024 Remaster),Talking Heads,Talking Heads: 77 (Super Deluxe Edition) (2024 Remaster),False,INDIFFERENT,4:21,261,a3YViPn87hE,2025-03-11T18:22:05Z,gh-3692
Hey Jude,The Beatles,Love,False,INDIFFERENT,3:59,239,uNv_Bu_L6C8,2025-03-11T18:18:06Z,gh-3692
Creep,Radiohead,Creep,False,INDIFFERENT,3:59,239,9RfVp-GhKfs,2025-03-11T18:14:07Z,gh-3692
Cottonwoods By Still Water,Ivan the Tolerable,Proust Quartering,False,INDIFFERENT,14:26,866,4v2nWqCSEKM,2025-03-11T17:59:41Z,gh-3692
Consciousness,Ivan the Tolerable,Proust Quartering,False,INDIFFERENT,10:54,654,dV2UONSSAdc,2025-03-11T15:24:56Z,gh-3691
White Admiral,Ivan the Tolerable,Proust Quartering,False,INDIFFERENT,12:06,726,3ShvQM5u7Zk,2025-03-11T15:12:50Z,gh-3691
Eyes Upon The Sea,Ivan the Tolerable,Proust Quartering,False,INDIFFERENT,13:28,808,W_cKf0whcTA,2025-03-11T14:59:22Z,gh-3691
Spitfire,Sierra Hull,Spitfire,False,INDIFFERENT,3:17,197,Xg9Q_7j5H68,2025-03-11T03:38:11Z,gh-3687
These Days,"AJ Lee & Blue Summit, The Brothers Comatose",These Days,False,INDIFFERENT,3:29,209,JoUf7qp9nlM,2025-03-11T03:34:42Z,gh-3687
Spirits,The Devil Makes Three,Spirits,False,INDIFFERENT,3:39,219,EzWsYKttiRY,2025-03-11T03:31:03Z,gh-3687
Rhododendron,Bella White,Rhododendron,False,INDIFFERENT,4:47,287,9tOV7mk61tk,2025-03-11T03:26:16Z,gh-3687
Gild the Lily,Billy Strings,Highway Prayers,False,INDIFFERENT,5:06,306,JFK36ok9Bg8,2025-03-11T03:21:10Z,gh-3687
Dollar Bill Bar,Sierra Ferrell,Trail Of Flowers,False,INDIFFERENT,3:30,210,eTuQoZ1IpDo,2025-03-11T03:17:40Z,gh-3687
Long Monday,John Prine,Fair and Square,False,INDIFFERENT,3:23,203,mHiW8BMzZ78,2025-03-11T03:14:17Z,gh-3687
Ancient Light,"I’m With Her, Sarah Jarosz, Aoife O’Donovan, and Sara Watkins",Ancient Light,False,INDIFFERENT,3:35,215,4kQub_vjcSQ,2025-03-11T03:10:42Z,gh-3687
Empty Trainload Of Sky,"David Rawlings, Gillian Welch",Empty Trainload Of Sky,False,INDIFFERENT,3:25,205,RcOFbwRGii0,2025-03-11T01:58:21Z,gh-3686
Ain't No Grave,Crooked Still,Shaken By A Low Sound,False,INDIFFERENT,3:22,202,eb4W_3KC50g,2025-03-11T01:54:59Z,gh-3686
And the Cat Came Back,Golden Shoals,And the Cat Came Back,False,INDIFFERENT,2:35,155,7sbBoqqGduA,2025-03-11T01:52:24Z,gh-3686
"Espresso (feat. Sarah Jarosz, Aoife O'Donovan & Sara Watkins)",I’m With Her,Espresso,False,LIKE,3:10,190,FnEk1uhTJRg,2025-03-11T01:49:14Z,gh-3686
Fredericksburg,Golden Shoals,Fredericksburg,False,INDIFFERENT,3:29,209,f5oqRFS6m8o,2025-03-11T01:45:45Z,gh-3686
New White House Blues,Golden Shoals,New White House Blues,False,LIKE,4:51,291,2qAItLHbN-s,2025-03-11T01:40:54Z,gh-3686
Everybody's a Somebody,Golden Shoals,Everybody's a Somebody,False,LIKE,2:52,172,RSGEInxNQoM,2025-03-11T01:38:02Z,gh-3686
Waiting For The Get Down,"John Tejada, Reggie Watts, Wajatta",Waiting For The Get Down,False,INDIFFERENT,4:34,274,ANosVyhQal0,2025-03-11T01:33:28Z,gh-3686
Bell,Kerala Dust,Bell,False,LIKE,4:29,269,2yF0JS6UBqY,2025-03-11T01:28:59Z,gh-3686
Stand In Line,okuma,Bi Ba Bü,False,LIKE,7:27,447,3mdt8AR8gcU,2025-03-11T01:21:32Z,gh-3686
My Thoughts Behind (Bonus Edit),"Turu Anasi, okuma",Las Olas,False,LIKE,8:14,494,rzE3N2CbXfU,2025-03-11T01:13:18Z,gh-3686
Kalima (DBRA Remix),Turu Anasi,Las Olas,False,INDIFFERENT,7:49,469,splqxoWy4bI,2025-03-11T01:05:29Z,gh-3686
Kalima,Turu Anasi,Las Olas,False,INDIFFERENT,6:31,391,sxx5sgHt698,2025-03-11T00:58:58Z,gh-3686
Las Olas,Turu Anasi,Las Olas,False,INDIFFERENT,8:42,522,JZ44NG8w2j4,2025-03-11T00:50:16Z,gh-3686
The Headless Horeseman Power Mix,Phish,Mixes,,LIKE,1:19:50,4790,zn4w9fuv-uI,2025-03-10T20:10:38Z,gh-3685
Tryllis (Live),Lettuce & Colorado Symphony,Lettuce with the Colorado Symphony (Live),False,LIKE,14:05,845,4DkFelPjloU,2025-03-10T19:56:33Z,gh-3685
Trapezoid (Live),Lettuce & Colorado Symphony,Lettuce with the Colorado Symphony (Live),False,INDIFFERENT,6:19,379,DoswyZZTQNM,2025-03-10T19:50:14Z,gh-3685
Elephant Walk > Madison Square (Live),Lettuce & Colorado Symphony,Lettuce with the Colorado Symphony (Live),False,INDIFFERENT,9:32,572,hdZX-mQzWkY,2025-03-10T18:30:52Z,gh-3684
Everybody Wants to Rule the World (Live),Lettuce & Colorado Symphony,Lettuce with the Colorado Symphony (Live),False,INDIFFERENT,6:47,407,OSb9wAEwPnQ,2025-03-10T18:24:05Z,gh-3684
Moksha (Live),Lettuce & Colorado Symphony,Lettuce with the Colorado Symphony (Live),False,INDIFFERENT,7:00,420,nCr32IVIzZc,2025-03-10T18:17:05Z,gh-3684
Tryllis (Live),Lettuce & Colorado Symphony,Lettuce with the Colorado Symphony (Live),False,LIKE,14:05,845,4DkFelPjloU,2025-03-10T18:03:00Z,gh-3684
Larimar (Live),Lettuce & Colorado Symphony,Lettuce with the Colorado Symphony (Live),False,INDIFFERENT,7:52,472,H9WGTxr854w,2025-03-10T17:55:08Z,gh-3684
New Intro (Live),Lettuce & Colorado Symphony,Lettuce with the Colorado Symphony (Live),False,INDIFFERENT,2:08,128,LGaEUF8B-FE,2025-03-10T17:53:00Z,gh-3684
The Force (Live),Lettuce & Colorado Symphony,Lettuce with the Colorado Symphony (Live),False,INDIFFERENT,5:18,318,-OgZGPTmsZs,2025-03-10T17:47:42Z,gh-3684
Move On Up (Live),Lettuce & Colorado Symphony,Lettuce with the Colorado Symphony (Live),False,INDIFFERENT,8:22,502,UIu5usTJbQ8,2025-03-10T17:39:20Z,gh-3684
Ghost of Jupiter (Live),Lettuce & Colorado Symphony,Lettuce with the Colorado Symphony (Live),False,INDIFFERENT,5:38,338,bnAqRzXcQFc,2025-03-10T17:33:42Z,gh-3684
Gang Ten (Live),Lettuce & Colorado Symphony,Lettuce with the Colorado Symphony (Live),False,INDIFFERENT,7:26,446,lu5ZznnDL8I,2025-03-10T15:25:36Z,gh-3683
Requiem (Live),Lettuce & Colorado Symphony,Lettuce with the Colorado Symphony (Live),False,INDIFFERENT,3:25,205,VbZfqYQLsic,2025-03-10T15:22:11Z,gh-3683
The Lobbyist (Live),Lettuce & Colorado Symphony,Lettuce with the Colorado Symphony (Live),False,INDIFFERENT,4:37,277,8mFixVGqAGI,2025-03-10T15:17:34Z,gh-3683
Mt. Crushmore (Live),Lettuce & Colorado Symphony,Lettuce with the Colorado Symphony (Live),False,INDIFFERENT,4:40,280,GnfRrI8WdFk,2025-03-10T15:12:54Z,gh-3683
Untitled (Late Sun) [Another Shade of Dwig Remix],Kerala Dust,Late Sun,False,LIKE,7:29,449,SA13_NSM8cQ,2025-03-10T15:05:25Z,gh-3683
Bell,Kerala Dust,Bell,False,INDIFFERENT,4:29,269,2yF0JS6UBqY,2025-03-10T15:00:56Z,gh-3683
Dismantling Frank,Bonobo,One Offs (Remixes & B Sides),False,INDIFFERENT,5:08,308,rX_OLQpopxg,2025-03-10T08:26:34Z,gh-3680
The Plug (Quantic Mix),Bonobo,One Offs (Remixes & B Sides),False,INDIFFERENT,6:14,374,IXDCasgfq9s,2025-03-10T08:20:20Z,gh-3680
Beachy Head (Bonobo Mix),Mechanical Me,One Offs (Remixes & B Sides),False,INDIFFERENT,3:48,228,-xUAhFNuiBM,2025-03-10T08:16:32Z,gh-3680
Turtle (Bonobo Mix),Pilote,One Offs (Remixes & B Sides),False,LIKE,5:11,311,yNi8z7FLorE,2025-03-10T08:11:21Z,gh-3680
Sisyphus,Andrew Bird,My Finest Work Yet,False,LIKE,4:08,248,OsgUQrKTTtc,2025-03-08T01:32:42Z,gh-3660
Tiger Rag,Harry Roy,Harry Roy and His Orchestra. New Day Come,False,LIKE,2:44,164,2a48zD-_5u8,2025-03-08T01:29:58Z,gh-3660
Li'l Darlin' (1994 Remaster),Count Basie,The Complete Atomic Basie,False,LIKE,4:51,291,nqn4nyZz0to,2025-03-08T01:25:07Z,gh-3660
Drinkin' Whiskey Tonight,Pokey LaFarge,Middle of Everywhere,False,LIKE,2:53,173,GWqjF81M5h4,2025-03-08T01:22:14Z,gh-3660
It's Gonna Be (Alright),Ween,The Mollusk,False,LIKE,3:18,198,mYAdOvq9tKc,2025-03-08T01:18:56Z,gh-3660
Pride of Cucamonga,Grateful Dead,From the Mars Hotel,False,INDIFFERENT,4:18,258,Si_T0tUzLNU,2025-03-08T01:14:38Z,gh-3660
Jumbo,Punch Brothers,All Ashore,False,LIKE,3:36,216,ioDXUnJmdBE,2025-03-08T01:11:02Z,gh-3660
I've Got Rhythm,Oscar Aleman,Swing Guitar Masterpieces,False,INDIFFERENT,3:15,195,QZNhsjXFBr0,2025-03-08T01:07:47Z,gh-3660
My Mother Thinks I'm a Lawyer,Noam Pikelny,Beat the Devil and Carry a Rail,False,LIKE,4:22,262,6scYUseAFwc,2025-03-07T21:23:01Z,gh-3659
Me and Paul,Willie Nelson,One Hell Of A Ride,False,LIKE,3:49,229,lMugPjewv-0,2025-03-07T21:19:12Z,gh-3659
Leaving Louisiana In The Broad Daylight,The Oak Ridge Boys,The Oak Ridge Boys Have Arrived,False,INDIFFERENT,3:00,180,PVjXYjyxWTg,2025-03-07T21:16:12Z,gh-3659
Fish and Whistle,John Prine,Bruised Orange,False,INDIFFERENT,3:15,195,QYxlxYSCvFg,2025-03-07T21:12:57Z,gh-3659
Honky Tonk Heroes (Like Me),Waylon Jennings,Wanted! The Outlaws,False,LIKE,3:30,210,8LIDR2ySLlo,2025-03-07T21:09:27Z,gh-3659
Back in the Goodle Days,John Hartford,Aereo-Plain,False,INDIFFERENT,3:40,220,UcF0SY0m3sU,2025-03-07T21:05:47Z,gh-3659
1952 Vincent Black Lightning,Del McCoury Band,Del & The Boys,False,LIKE,4:03,243,Vz6fCj1zLSg,2025-03-07T21:01:44Z,gh-3659
Please Don't Bury Me,John Prine,Sweet Revenge,False,INDIFFERENT,2:52,172,nmgYCI3OWw4,2025-03-07T20:58:52Z,gh-3659
You Worry Me,Nathaniel Rateliff & The Night Sweats,Tearing at the Seams,False,INDIFFERENT,3:35,215,Enm0XL7xx_E,2025-03-07T06:38:09Z,gh-3654
When I Get My Hands On You,The New Basement Tapes,Lost On The River (Deluxe),False,INDIFFERENT,3:11,191,N11MNiopKP4,2025-03-07T06:34:58Z,gh-3654
Home Again,"Lindsay Lou, The Brothers Comatose",Home Again,False,INDIFFERENT,3:52,232,45XxtPIgkog,2025-03-07T06:31:06Z,gh-3654
Nothing but Everything,Jon and Roy,The Road Ahead Is Golden,False,INDIFFERENT,3:35,215,ujF0O0lsi5E,2025-03-07T06:27:31Z,gh-3654
I Need Never Get Old,Nathaniel Rateliff & The Night Sweats,Nathaniel Rateliff & The Night Sweats,False,LIKE,4:14,254,-FWrwbHqu5w,2025-03-07T06:23:17Z,gh-3654
Flowers,"Gregory Alan Isakov, Nathaniel Rateliff",Flowers,False,INDIFFERENT,4:01,241,Tba-RUpDWio,2025-03-07T06:19:16Z,gh-3654
Baabaa (P A N Remix),Turu Anasi,Meditation,False,INDIFFERENT,7:13,433,jwEknNsY5OM,2025-03-07T01:54:14Z,gh-3652
Baabaa (Kaöb Remix),Turu Anasi,Meditation,False,INDIFFERENT,7:32,452,RzME7aft3kE,2025-03-07T01:46:42Z,gh-3652
Priviti,Turu Anasi,Meditation,False,INDIFFERENT,8:01,481,ojUPUf0ORbw,2025-03-07T01:38:41Z,gh-3652
Baabaa,Turu Anasi,Meditation,False,INDIFFERENT,5:49,349,4xMfI9y3BQM,2025-03-07T01:32:52Z,gh-3652
Meditation,Turu Anasi,Meditation,False,LIKE,8:30,510,O8det02XaIA,2025-03-07T01:24:22Z,gh-3652
"""Walk Beside Me"" ~ Railroad Earth 5-24-12 DelFest V","378 views, Josh Burch",,False,INDIFFERENT,6:15,375,2FF6KTVBR-g,2025-03-07T01:18:07Z,gh-3652
Enough To Leave,Billy Strings,Home,False,INDIFFERENT,3:45,225,c-dhLSbSfe0,2025-03-07T01:14:22Z,gh-3652
Railroad Earth - Walk Beside Me (1-4-10),"1K views, LongStrangeTrip710",,False,LIKE,6:15,375,kEzFrLcgQkk,2025-03-07T01:08:07Z,gh-3652
Saturday Night (Is The Loneliest Night of The Week),Lou Preagar and His Orchestra and Lynne Shaw,"British Dance Bands - Pete Smiths Specialties, Vol. 2",False,INDIFFERENT,3:06,186,5u4USbUgCPk,2025-03-06T21:27:30Z,gh-3651
The Very Thought of You,Henry Hall & The BBC Dance Orchestra,"British Dance Bands - Pete Smiths Specialties, Vol. 2",False,INDIFFERENT,2:58,178,2tMwc1yl_Rg,2025-03-06T21:16:05Z,gh-3650
Exactly Like You,Oscar Rabin and His Strict Tempo Dance Band & Dinah Miller,"British Dance Bands - Pete Smiths Specialties, Vol. 2",False,INDIFFERENT,3:06,186,YrFOA_5cL1Y,2025-03-06T21:12:59Z,gh-3650
Talk To Me,Reginald Williams and His Futurists and Dinah Miller,"British Dance Bands - Pete Smiths Specialties, Vol. 2",False,INDIFFERENT,3:10,190,q7f8UjQ9HnM,2025-03-06T21:09:49Z,gh-3650
That's The Way I like To Hear You Talk,Bill Currie & Harry Roy and His Orchestra,"British Dance Bands - Pete Smiths Specialties, Vol. 2",False,INDIFFERENT,3:09,189,llILF2XM9D8,2025-03-06T21:06:40Z,gh-3650
Avalon,Billy Cotton & His Band,"British Dance Bands - Pete Smiths Specialties, Vol. 2",False,LIKE,2:52,172,2yyyEBfTR-E,2025-03-06T21:03:48Z,gh-3650
Sing a Song of Sunbeams,Ronnie Munroe and His Orchestra and Alice Mann,"British Dance Bands - Pete Smiths Specialties, Vol. 2",False,INDIFFERENT,3:19,199,fsXpNaNmfG0,2025-03-06T21:00:29Z,gh-3650
Nice People,Harry Roy and His Band And Ray Ellington,"British Dance Bands - Pete Smiths Specialties, Vol. 2",False,INDIFFERENT,2:44,164,dXnHQq-cFs0,2025-03-06T20:57:45Z,gh-3650
Choo Choo,Jack Payne and his BBC Dance Orchestra,"British Dance Bands - Pete Smiths Specialties, Vol. 2",False,INDIFFERENT,2:40,160,KA9sUb8SRN4,2025-03-06T20:55:05Z,gh-3650
Ain't Misbehavin',"Marjorie Stedeford, Mario 'Harp' Lorenzi and His Rhythmics","British Dance Bands - Pete Smiths Specialties, Vol. 2",False,INDIFFERENT,3:05,185,SJpURksJCxc,2025-03-06T20:52:00Z,gh-3650
"Rita, The Rumba Queen",Harry Roy and his orchestra,"British Dance Bands - Pete Smiths Specialties, Vol. 2",False,INDIFFERENT,3:16,196,RnVDlR9GPm0,2025-03-06T20:48:44Z,gh-3650
Dizzy Fingers,Ivor Moreton & Dave Kaye,"British Dance Bands - Pete Smiths Specialties, Vol. 2",False,INDIFFERENT,2:46,166,36cRYJ6vMLc,2025-03-06T20:45:58Z,gh-3650
Make Yourself A Happiness Pie,Ray Noble and The New Mayfair Dance Orchestra,"British Dance Bands - Pete Smiths Specialties, Vol. 2",False,INDIFFERENT,3:13,193,CUF0vBBqIwI,2025-03-06T20:42:45Z,gh-3650
Teddy Bears Picnic,Henry Hall & The BBC Dance Orchestra,"British Dance Bands - Pete Smiths Specialties, Vol. 2",False,INDIFFERENT,2:54,174,fcZCxWBC4AA,2025-03-06T20:39:51Z,gh-3650
Begin The Beguine,Oscar Aleman,Swing Guitar Masterpieces,False,INDIFFERENT,2:52,172,CCgBT4HjZgs,2025-03-06T20:36:59Z,gh-3650
Bye Bye Blues,Oscar Aleman,Swing Guitar Masterpieces,False,INDIFFERENT,3:06,186,fixg8-IqEHc,2025-03-06T10:33:36Z,gh-3650
I've Got Rhythm,Oscar Aleman,Swing Guitar Masterpieces,False,INDIFFERENT,3:15,195,QZNhsjXFBr0,2025-03-06T10:30:21Z,gh-3650
Tea For Two,Oscar Peterson Trio,The Complete Mercury/Clef Recordings,False,INDIFFERENT,3:19,199,N7TOpyPMaYs,2025-03-06T10:27:02Z,gh-3650
Tiger Rag,Oscar Aleman,Swing Guitar Masterpieces,False,INDIFFERENT,2:47,167,Jloyla0tcr0,2025-03-06T10:24:15Z,gh-3650
Tiger Rag,Harry Roy,Harry Roy and His Orchestra. New Day Come,False,LIKE,2:44,164,2a48zD-_5u8,2025-03-06T10:21:31Z,gh-3650
Dawg's Waltz,"David Grisman, Jerry Garcia",Jerry Garcia & David Grisman,False,INDIFFERENT,4:33,273,T_Pk6MIVQ7A,2025-03-06T10:16:58Z,gh-3650
Jumbo,Punch Brothers,All Ashore,False,LIKE,3:36,216,ioDXUnJmdBE,2025-03-06T10:13:22Z,gh-3650
Run Mountain,Corn Potato String Band,"Corn Potato String Band, Vol. Two",False,INDIFFERENT,2:49,169,1HOmmmEdikg,2025-03-06T18:38:24Z,gh-3649
When I Can Read My Title Clear,Corn Potato String Band,"Corn Potato String Band, Vol. Two",False,INDIFFERENT,2:55,175,kvLPdDBVZes,2025-03-06T18:35:29Z,gh-3649
Raleigh and Spencer,Corn Potato String Band,"Corn Potato String Band, Vol. Two",False,INDIFFERENT,3:03,183,2rGBr7SDJFU,2025-03-06T18:32:26Z,gh-3649
Girl I Left Behind,Corn Potato String Band,"Corn Potato String Band, Vol. Two",False,INDIFFERENT,2:01,121,V_ehcusxyyU,2025-03-06T18:30:25Z,gh-3649
Easy Wind,Grateful Dead,Workingman's Dead,False,INDIFFERENT,5:00,300,mYLjqyKLIHc,2025-03-06T18:25:25Z,gh-3649
Senor (Tales Of Yankee Power),Tim O'Brien,Red On Blonde,False,INDIFFERENT,4:03,243,DBmTLVRvnc8,2025-03-06T18:21:22Z,gh-3649
Going Home,Foghorn Stringband,Outshine the Sun,False,INDIFFERENT,3:08,188,i4M_GIy6akU,2025-03-06T18:18:14Z,gh-3649
Big Sciota,Bryan Sutton,Not Too Far From The Tree,False,LIKE,2:57,177,JzT8TiNMB3I,2025-03-06T18:15:17Z,gh-3649
Listen to the Mockingbird,Corn Potato String Band,Put on Your Old Grey Bonnet,False,INDIFFERENT,5:07,307,S8tXr2T69uU,2025-03-06T18:10:10Z,gh-3649
That Hot Lick Fiddlin' Man,Corn Potato String Band,Put on Your Old Grey Bonnet,False,INDIFFERENT,2:18,138,f3ZHeUhY3Ag,2025-03-06T18:07:52Z,gh-3649
Georgia Grind,Corn Potato String Band,Put on Your Old Grey Bonnet,False,INDIFFERENT,4:15,255,oiMk4UFSl_I,2025-03-06T18:03:37Z,gh-3649
Phyllis,Lettuce,Crush,False,INDIFFERENT,6:51,411,jWP700E76do,2025-03-06T06:35:11Z,gh-3645
Stairway to Heaven (Remaster),Led Zeppelin,Led Zeppelin IV (Deluxe Edition),False,INDIFFERENT,8:03,483,iXQUu5Dti4g,2025-03-06T06:27:08Z,gh-3645
Dream On,Aerosmith,Aerosmith,False,INDIFFERENT,4:28,268,9PpXu-2fPHc,2025-03-06T06:22:40Z,gh-3645
Short Skirt / Long Jacket,CAKE,Comfort Eagle,False,INDIFFERENT,3:25,205,85zV1fpSJQ0,2025-03-06T06:19:15Z,gh-3645
House Of The Rising Sun,The Animals,Everlasting Original Oldies Collection,False,INDIFFERENT,4:32,272,jpZ9SsH3lUs,2025-03-06T03:35:51Z,gh-3644
Let It Be,The Beatles,1,False,INDIFFERENT,3:51,231,HzvDofigTKQ,2025-03-06T03:32:00Z,gh-3644
The World At Large,Modest Mouse,Good News For People Who Love Bad News,False,INDIFFERENT,4:33,273,FIJKJdsAszw,2025-03-06T03:27:27Z,gh-3644
Loser,Beck,Loser,False,INDIFFERENT,3:56,236,5Z1-5wNjMgs,2025-03-06T03:23:31Z,gh-3644
Exit Music (For A Film),Radiohead,OK Computer OKNOTOK 1997 2017,False,LIKE,4:26,266,FapBH3j6WoA,2025-03-06T03:19:05Z,gh-3644
Creep,Radiohead,Creep,False,INDIFFERENT,3:59,239,9RfVp-GhKfs,2025-03-06T03:15:06Z,gh-3644
Georgia Grind,Corn Potato String Band,Put on Your Old Grey Bonnet,False,INDIFFERENT,4:15,255,oiMk4UFSl_I,2025-03-06T03:10:51Z,gh-3644
Silver Strand,Corn Potato String Band,Put on Your Old Grey Bonnet,False,INDIFFERENT,3:12,192,7dL7UWwLqUs,2025-03-06T03:07:39Z,gh-3644
Sunny Tennessee,Corn Potato String Band,Put on Your Old Grey Bonnet,False,INDIFFERENT,1:55,115,G_ryhokjGHE,2025-03-06T03:05:44Z,gh-3644
Green Valley Waltz,Corn Potato String Band,Put on Your Old Grey Bonnet,False,INDIFFERENT,2:54,174,epQNzvgcHsg,2025-03-06T03:02:50Z,gh-3644
Andale Vamos,Corn Potato String Band,Put on Your Old Grey Bonnet,False,INDIFFERENT,2:38,158,0oLa00XIeJg,2025-03-06T03:00:12Z,gh-3644
Put on Your Old Grey Bonnet,Corn Potato String Band,Put on Your Old Grey Bonnet,False,INDIFFERENT,2:52,172,YeAoXA8DG-g,2025-03-06T02:57:20Z,gh-3644
Buck Ryan Rag,Corn Potato String Band,Put on Your Old Grey Bonnet,False,INDIFFERENT,1:59,119,zNwgIZpBMp4,2025-03-06T02:55:21Z,gh-3644
Washington & Lee Swing County,Corn Potato String Band,Put on Your Old Grey Bonnet,False,INDIFFERENT,2:57,177,uJipyGFXtGw,2025-03-06T02:52:24Z,gh-3644
American Dreaming,Sierra Ferrell,Trail Of Flowers,False,INDIFFERENT,4:18,258,V3QabRHBbZY,2025-03-06T02:48:06Z,gh-3644
Tatsuya's Breakdown ポエム入り / ブルーグラス☆ポリス,"2.5K views, Foggy matsu",,False,LIKE,4:21,261,rLPA53yvwMM,2025-03-06T02:43:45Z,gh-3644
MEAN MOTHER BLUES / ブルーグラス☆ポリス,"236 views, Foggy matsu",,False,LIKE,3:13,193,iWxlPWc0lFY,2025-03-06T02:40:32Z,gh-3644
Clinton Hill,Chuck Darwin & the Knuckle Draggers,For Educational Purposes Only,False,INDIFFERENT,3:10,190,wQu2zjyBqus,2025-03-06T02:37:22Z,gh-3644
Champing the Bit,Chuck Darwin & the Knuckle Draggers,For Educational Purposes Only,False,INDIFFERENT,3:02,182,LaZfGSORMTs,2025-03-06T02:34:20Z,gh-3644
Chris Eldridge & Friends: Mean Mother Blues,"36K views, OldFirstBrooklyn",,False,INDIFFERENT,3:49,229,xC6rB_FnlcQ,2025-03-06T02:30:31Z,gh-3644
"Noam Pikelney and Friends ""The Train That Carried My Girl From Town"" Freshgrass 2013","2.6K views, Less Than Face Productions",,False,INDIFFERENT,3:23,203,2vfYDrB3Rls,2025-03-06T02:27:08Z,gh-3644
My Mother Thinks I'm a Lawyer,Noam Pikelny,Beat the Devil and Carry a Rail,False,LIKE,4:22,262,6scYUseAFwc,2025-03-06T02:22:46Z,gh-3644
Not Gentle On My Mind,Chuck Darwin & the Knuckle Draggers,For Educational Purposes Only,False,LIKE,2:11,131,fwlkSDX-JT8,2025-03-06T02:20:35Z,gh-3644
Head of Steam,Chuck Darwin & the Knuckle Draggers,For Educational Purposes Only,False,INDIFFERENT,2:57,177,f80m43JAdH8,2025-03-06T02:17:38Z,gh-3644
Our Life's Work,Chuck Darwin & the Knuckle Draggers,Three Car Pileup,False,INDIFFERENT,2:43,163,vskBlq2dLAM,2025-03-06T02:14:55Z,gh-3644
Do Right Woman,Chuck Darwin & the Knuckle Draggers,Three Car Pileup,False,INDIFFERENT,3:29,209,ADSYbRZM38k,2025-03-06T01:57:14Z,gh-3643
Can You Get To That,Funkadelic,Maggot Brain,False,LIKE,2:50,170,yl3fIXaAXow,2025-03-06T01:54:24Z,gh-3643
The Harder They Come (Live) (feat. Jerry Garcia Band),Jerry Garcia Band,"After Midnight: Kean College, 2/28/80",False,INDIFFERENT,12:43,763,xzYVb8mDqbA,2025-03-06T01:41:41Z,gh-3643
After Midnight - Reprise (Live) (feat. Jerry Garcia Band),Jerry Garcia Band,"After Midnight: Kean College, 2/28/80",False,LIKE,6:34,394,x47SsOCHNuA,2025-03-06T01:35:07Z,gh-3643
Hard Times,The Devil Makes Three,Spirits,False,INDIFFERENT,3:19,199,0XbijMuK-9g,2025-03-06T01:31:48Z,gh-3643
Half As High,The Devil Makes Three,Spirits,False,INDIFFERENT,2:35,155,SUVTcLj5CBk,2025-03-06T01:29:13Z,gh-3643
Ghosts Are Weak,The Devil Makes Three,Spirits,False,INDIFFERENT,3:09,189,7YXJI3bw0kk,2025-03-06T01:26:04Z,gh-3643
Spirits,The Devil Makes Three,Spirits,False,INDIFFERENT,3:39,219,BYjm_mBoIhU,2025-03-06T01:22:25Z,gh-3643
Lights On Me,The Devil Makes Three,Spirits,False,INDIFFERENT,3:52,232,ikl7XoJZwVs,2025-03-06T01:18:33Z,gh-3643
Unbroken Chain,Grateful Dead,From the Mars Hotel,False,LIKE,6:46,406,T5FN06LFfHk,2025-03-04T16:35:52Z,gh-3643
The Girl From Ipanema,Stan Getz,Getz/Gilberto,False,INDIFFERENT,5:25,325,N-TKOh0zsvU,2025-03-04T16:30:27Z,gh-3643
"Dear Mr. Fantasy (Live in New Jersey, April 1, 1988)",Grateful Dead,Road Trips Vol. 4 No. 2: April Fools '88 (Live),False,LIKE,4:21,261,F655kSbb9zo,2025-03-04T16:26:06Z,gh-3643
Just Jams - Phish 7/6/98,"11K views, Just Jams",,False,INDIFFERENT,1:12:59,4379,DloaQps-xLE,2025-03-05T17:29:15Z,gh-3641
Just Jams - Phish 7/6/98,"11K views, Just Jams",,False,INDIFFERENT,1:12:59,4379,DloaQps-xLE,2025-03-05T05:29:17Z,gh-3637
Just Jams - Phish 12/30/97,"20K views, Just Jams",,False,LIKE,1:12:29,4349,y2TaOnF3BxY,2025-03-05T02:27:07Z,gh-3636
AMBIENT TECHNO || mix 046 by Rob Jenkins,"11K views, ambient techno mixes",,False,LIKE,3:01:28,10888,-_pUwL2PYtY,2025-03-04T22:59:04Z,gh-3635
Knockin' On Heaven's Door (Live) (feat. Jerry Garcia Band),Jerry Garcia Band,"After Midnight: Kean College, 2/28/80",False,INDIFFERENT,13:58,838,UYrQLWEzQlI,2025-03-04T03:26:51Z,gh-3628
Tore Up Over You (Live) (feat. Jerry Garcia Band),Jerry Garcia Band,"After Midnight: Kean College, 2/28/80",False,LIKE,10:26,626,nYUftFAvETU,2025-03-04T03:16:25Z,gh-3628
After Midnight - Reprise (Live) (feat. Jerry Garcia Band),Jerry Garcia Band,"After Midnight: Kean College, 2/28/80",False,LIKE,6:34,394,x47SsOCHNuA,2025-03-04T03:09:51Z,gh-3628
After Midnight (Live) (feat. Jerry Garcia Band),Jerry Garcia Band,"After Midnight: Kean College, 2/28/80",False,LIKE,13:14,794,ejJPy-ONqJc,2025-03-04T02:56:37Z,gh-3628
"Grateful Dead - Ripple (New York, NY 10/31/80) (Official Live Video)","3.8M views, Grateful Dead",,False,INDIFFERENT,4:30,270,5yJmBC7cMTM,2025-03-04T02:52:07Z,gh-3628
Easy Wind,Grateful Dead,Workingman's Dead,False,INDIFFERENT,5:00,300,mYLjqyKLIHc,2025-03-04T02:47:07Z,gh-3628
Railroad Earth - Walk Beside Me (1-4-10),"1K views, LongStrangeTrip710",,False,LIKE,6:15,375,kEzFrLcgQkk,2025-03-04T02:40:52Z,gh-3628
Jumbo,Punch Brothers,All Ashore,False,LIKE,3:36,216,ioDXUnJmdBE,2025-03-04T02:37:16Z,gh-3628
Patchwork Girlfriend,Punch Brothers,Who's Feeling Young Now?,False,LIKE,3:49,229,CMtyWB_Pzic,2025-03-04T02:33:27Z,gh-3628
My Mother Thinks I'm a Lawyer,Noam Pikelny,Beat the Devil and Carry a Rail,False,LIKE,4:22,262,6scYUseAFwc,2025-03-04T02:29:05Z,gh-3628
Safe Place,Francisco Sola,Safe Place,False,INDIFFERENT,3:53,233,fLUi_iItHbQ,2025-03-04T02:25:12Z,gh-3628
Favorite Son,Satellite Friend,Favorite Son,False,LIKE,4:23,263,Go0wsC-rRIo,2025-03-04T02:20:49Z,gh-3628
Suzy Grenberg,Phish,"LivePhish, Vol. 2 7/16/94 (Sugarbush Summerstage, North Fayston, VT)",False,INDIFFERENT,6:51,411,0hCXsMYzezU,2025-03-02T02:01:52Z,gh-3611
Chalk Dust Torture,Phish,"LivePhish, Vol. 2 7/16/94 (Sugarbush Summerstage, North Fayston, VT)",False,INDIFFERENT,9:29,569,IEkLAnqSrdM,2025-03-02T01:52:23Z,gh-3611
Harry Hood,Phish,"LivePhish, Vol. 2 7/16/94 (Sugarbush Summerstage, North Fayston, VT)",False,INDIFFERENT,16:09,969,h-n4yEq3U5A,2025-03-02T01:36:14Z,gh-3611
Scent Of A Mule,Phish,"LivePhish, Vol. 2 7/16/94 (Sugarbush Summerstage, North Fayston, VT)",False,INDIFFERENT,8:04,484,QW2hl00Xb70,2025-03-02T01:28:10Z,gh-3611
AC/DC Bag,Phish,"LivePhish, Vol. 2 7/16/94 (Sugarbush Summerstage, North Fayston, VT)",False,INDIFFERENT,7:48,468,hPv75O5ixdw,2025-03-02T01:20:22Z,gh-3611
Harpua,Phish,"LivePhish, Vol. 2 7/16/94 (Sugarbush Summerstage, North Fayston, VT)",False,INDIFFERENT,6:12,372,BBXSEVxuOHY,2025-03-02T01:14:10Z,gh-3611
2001,Phish,"LivePhish, Vol. 2 7/16/94 (Sugarbush Summerstage, North Fayston, VT)",False,INDIFFERENT,3:08,188,nhR7NUkIwCU,2025-03-02T01:11:02Z,gh-3611
Harpua,Phish,"LivePhish, Vol. 2 7/16/94 (Sugarbush Summerstage, North Fayston, VT)",False,INDIFFERENT,8:15,495,2nIRkH_56M8,2025-03-02T01:02:47Z,gh-3611
Run Like An Antelope,Phish,"LivePhish, Vol. 2 7/16/94 (Sugarbush Summerstage, North Fayston, VT)",False,INDIFFERENT,8:07,487,n6nSIwMGvK0,2025-03-02T00:54:40Z,gh-3611
Catapult,Phish,"LivePhish, Vol. 2 7/16/94 (Sugarbush Summerstage, North Fayston, VT)",False,INDIFFERENT,1:46,106,MHlpN6fppjE,2025-03-02T00:52:54Z,gh-3611
Run Like An Antelope,Phish,"LivePhish, Vol. 2 7/16/94 (Sugarbush Summerstage, North Fayston, VT)",False,INDIFFERENT,9:24,564,hyyHBAXiLWc,2025-03-02T00:43:30Z,gh-3611
Sample In A Jar,Phish,"LivePhish, Vol. 2 7/16/94 (Sugarbush Summerstage, North Fayston, VT)",False,INDIFFERENT,4:58,298,9IUVRw0YN2o,2025-03-02T00:38:32Z,gh-3611
Sparkle,Phish,"LivePhish, Vol. 2 7/16/94 (Sugarbush Summerstage, North Fayston, VT)",False,INDIFFERENT,3:44,224,_N_j4SxKL1k,2025-03-02T00:34:48Z,gh-3611
Maze,Phish,"LivePhish, Vol. 2 7/16/94 (Sugarbush Summerstage, North Fayston, VT)",False,INDIFFERENT,10:39,639,L4j0k7up3vE,2025-03-02T00:24:09Z,gh-3611
Silent In The Morning,Phish,"LivePhish, Vol. 2 7/16/94 (Sugarbush Summerstage, North Fayston, VT)",False,INDIFFERENT,4:53,293,8hzYc4c8PJo,2025-03-02T00:19:16Z,gh-3611
The Horse,Phish,"LivePhish, Vol. 2 7/16/94 (Sugarbush Summerstage, North Fayston, VT)",False,LIKE,1:39,99,y-gRGOk3AEI,2025-03-02T00:17:37Z,gh-3611
Cavern,Phish,"LivePhish, Vol. 2 7/16/94 (Sugarbush Summerstage, North Fayston, VT)",False,INDIFFERENT,4:22,262,3vsAkkATzfM,2025-03-02T00:13:15Z,gh-3611
The Lizards,Phish,"LivePhish, Vol. 2 7/16/94 (Sugarbush Summerstage, North Fayston, VT)",False,INDIFFERENT,10:00,600,5XAp5NHiIgs,2025-03-02T00:03:15Z,gh-3611
Stash,Phish,"LivePhish, Vol. 2 7/16/94 (Sugarbush Summerstage, North Fayston, VT)",False,INDIFFERENT,10:24,624,zdq_Nrw8JiM,2025-03-01T23:52:51Z,gh-3611
N02,Phish,"LivePhish, Vol. 2 7/16/94 (Sugarbush Summerstage, North Fayston, VT)",False,INDIFFERENT,1:54,114,Q1ockvY8WJg,2025-03-01T23:50:57Z,gh-3611
Down With Disease,Phish,"LivePhish, Vol. 2 7/16/94 (Sugarbush Summerstage, North Fayston, VT)",False,INDIFFERENT,6:02,362,5g1PKfw1g5Y,2025-03-01T23:44:55Z,gh-3611
Golgi Apparatus,Phish,"LivePhish, Vol. 2 7/16/94 (Sugarbush Summerstage, North Fayston, VT)",False,INDIFFERENT,5:39,339,a-BIeVgIM6c,2025-03-01T23:39:16Z,gh-3611
Poor Heart Soundcheck Jam (Bonus Track),Phish,"LivePhish 2/28/03 (Nassau Coliseum, Uniondale, NY)",False,INDIFFERENT,4:15,255,T3M2I_y6Gi8,2025-03-01T23:35:01Z,gh-3611
Tweezer Reprise,Phish,"LivePhish 2/28/03 (Nassau Coliseum, Uniondale, NY)",False,INDIFFERENT,4:45,285,6ix7ta0kSQY,2025-03-01T23:30:16Z,gh-3611
Mexican Cousin,Phish,"LivePhish 2/28/03 (Nassau Coliseum, Uniondale, NY)",False,INDIFFERENT,5:06,306,6SVFvc2Se0c,2025-03-01T23:25:10Z,gh-3611
Contact,Phish,"LivePhish 2/28/03 (Nassau Coliseum, Uniondale, NY)",False,INDIFFERENT,7:42,462,M7dwJncXTh4,2025-03-01T23:17:28Z,gh-3611
Harry Hood,Phish,"LivePhish 2/28/03 (Nassau Coliseum, Uniondale, NY)",False,INDIFFERENT,15:14,914,C2XUcfdqKW0,2025-03-01T23:02:14Z,gh-3611
Round Room,Phish,"LivePhish 2/28/03 (Nassau Coliseum, Uniondale, NY)",False,INDIFFERENT,7:18,438,cCQul7DlWPQ,2025-03-01T22:54:56Z,gh-3611
David Bowie,Phish,"LivePhish 2/28/03 (Nassau Coliseum, Uniondale, NY)",False,INDIFFERENT,19:03,1143,eq-rgSrfzPc,2025-03-01T22:35:53Z,gh-3611
Soul Shakedown Party,Phish,"LivePhish 2/28/03 (Nassau Coliseum, Uniondale, NY)",False,INDIFFERENT,8:17,497,K9vhCWLtDPE,2025-03-01T22:27:36Z,gh-3611
Tweezer,Phish,"LivePhish 2/28/03 (Nassau Coliseum, Uniondale, NY)",False,INDIFFERENT,27:09,1629,25GWjze0WlU,2025-03-01T22:00:27Z,gh-3611
Walls Of The Cave,Phish,"LivePhish 2/28/03 (Nassau Coliseum, Uniondale, NY)",False,INDIFFERENT,14:44,884,Utr8hZGL0l4,2025-03-01T21:45:43Z,gh-3611
Bouncing Around The Room,Phish,"LivePhish 2/28/03 (Nassau Coliseum, Uniondale, NY)",False,INDIFFERENT,4:15,255,RoXseWSY3Qo,2025-03-01T21:25:55Z,gh-3610
Back On The Train,Phish,"LivePhish 2/28/03 (Nassau Coliseum, Uniondale, NY)",False,INDIFFERENT,12:31,751,g_xm6mVCO5o,2025-03-01T21:13:24Z,gh-3610
Last One on the Line,Hawktail,Formations,False,INDIFFERENT,5:00,300,-pn_iyeav9M,2025-03-01T21:08:24Z,gh-3610
Annbjørg,Hawktail,Formations,False,INDIFFERENT,5:48,348,iwpCiWtCMno,2025-03-01T21:02:36Z,gh-3610
Solstice (Early Mix),Hallucinogen,The Singles (Remastered 2024),False,LIKE,5:54,354,sjv5knfjrHc,2025-03-01T20:56:42Z,gh-3610
No Depression (In Heaven) (feat. The Carter Family),Blind Willie Johnson,"The Old Time Music Radio Show Bluegrass, Blues & Gospel",False,LIKE,2:59,179,NOVRYpNS8vY,2025-03-01T20:53:43Z,gh-3610
You Left the Water Running,Dan Penn,The Fame Recordings,False,LIKE,2:20,140,43wJ0o2iFNA,2025-03-01T20:51:23Z,gh-3610
Stack-A-Lee,Dr. John,Dr. John's Gumbo,False,INDIFFERENT,3:30,210,fdKY7OAcvWw,2025-03-01T20:47:53Z,gh-3610
Drinkin' Whiskey Tonight,Pokey LaFarge,Middle of Everywhere,False,LIKE,2:53,173,GWqjF81M5h4,2025-03-01T20:45:00Z,gh-3610
Hawktail+Väsen | 2024-02-21 | Unless,"234 views, Mark's Memories",,False,INDIFFERENT,5:52,352,acP-6Ig2DNU,2025-03-01T03:21:59Z,gh-3603
Karma Police,Josh Cohen,Radiohead for Solo Piano,False,INDIFFERENT,5:44,344,oTOnZO0LdUA,2025-03-01T03:16:15Z,gh-3603
Paranoid Android,Josh Cohen,Radiohead for Solo Piano,False,INDIFFERENT,15:46,946,_XRjTm1MQB0,2025-03-01T03:00:29Z,gh-3603
Exit Music (For a Film),Josh Cohen,Radiohead for Solo Piano,False,LIKE,4:44,284,nXOpRd5-3Gw,2025-03-01T02:55:45Z,gh-3603
Everything in Its Right Place,Josh Cohen,Radiohead for Solo Piano,False,INDIFFERENT,6:17,377,NvwqRQ6ybIA,2025-03-01T02:49:28Z,gh-3603
Everything In Its Right Place (Instrumental),"Dj tahh, SAD",Everything In Its Right Place (Instrumental),False,LIKE,4:28,268,v2m9J8Z110I,2025-03-01T02:45:00Z,gh-3603
